GENIUS Ultimate Anti-Aging Eye Cream,"水 辛酸/癸酸三酸甘油酯, 辛酸/癸酸甘油三酯, ... 甘油, 丙三醇 乳油木果脂, 雪亚脂, 乳木果, 乳油木, ... 氢化聚异丁烯 暂无 硅灵, 地美司康, 二甲基硅酮, 二甲硅油, ... 甘油硬脂酸, 硬脂酸甘油酯, 甘油硬脂酸酯 PEG-100 硬脂酸酯 棕榈醇, 鲸蜡硬脂醇 鲸蜡醇, 棕榈醇, 十六醇, 16醇, ... 戊二醇, 1, 2-戊二醇 硅石, 石英, 二氧化硅 暂无 藻提取 棕榈酰低聚肽, 棕榈酰寡肽 四胜肽棕榈酸酯, 棕榈酰四肽-3 铜赖氨酸/脯氨酸 磷酸甲基葡萄糖苷 合欢花提取 非洲吊灯树果提取 长叶车前叶提取 白杨素 吡喃葡糖苷 咯烷酮羧酸钠, 钠羟基皮酪烷酮, PCA 钠 明串球菌/萝蔔根发酵产物滤液 硬脂酸, 18酸, 十八酸, 己基癸醇硬脂酸酯 鲸蜡硬脂醇聚醚-20, 鲸蜡硬脂醇醚-20 辛乙二醇, 辛甘醇, 1, 2-辛二醇 硬脂醇聚醚-20, 硬脂醇聚氧乙烯醚(20) 丙烯酸/C10-30烷基丙烯酸聚合物, ... 丁二醇, 1, 3-丁二醇 苯甲酸钠, 安息香酸钠 山梨酸钾, 己二稀酸钾, 己二烯酸钾 黄原胶, 三仙胶, 山羊胶, 汉生胶 氯己定二葡糖酸盐, 洗必泰葡萄糖酸 N-羟基琥珀酼亚胺 氯苯甘醚 柠檬酸钠, 枸橼酸钠 乙二胺四乙基二钠, 乙酸乙二胺二钠 柠檬酸 氢氧化钠 苯氧乙醇, 苯氧基乙醇, 二苯氧基乙醇 "
Regenerative Anti-Aging Moisturizer,"水 辛酸/癸酸三酸甘油酯, 辛酸/癸酸甘油三酯, ... 丁二醇, 1, 3-丁二醇 硅灵, 地美司康, 二甲基硅酮, 二甲硅油, ... 戊二醇, 1, 2-戊二醇 乳油木果脂, 雪亚脂, 乳木果, 乳油木, ... 硬脂酸己六酯, 山梨坦硬脂酸酯 甘油, 丙三醇 甘油硬脂酸, 硬脂酸甘油酯, 甘油硬脂酸酯 PEG-100 硬脂酸酯 白芒花籽油 二-C12-15 烷醇富马酸酯, ... 暂无 苹果粹取物 今丝竹, 银竹, 泰山竹, 黄金间碧竹, ... 四胜肽, 乙酰基四肽 豌豆 绿花恩南蕃茄树皮提取 翅菜 维他命C磷酸钠盐, 抗坏血酸磷酸酯钠 生物素, 维生素H, 维生素B7, 辅酶R 氨基葡糖 HCL, 葡糖胺 HCL 蓝桉叶油 麦角硫因, 麦硫因 齐墩果酸, 石竹素 鲸蜡醇, 棕榈醇, 十六醇, 16醇, ... 聚二甲基硅氧烷 PEG-10/15 交联聚合物 硬脂酸, 18酸, 十八酸, 己基癸醇硬脂酸酯 卡波莫, 卡波姆, 聚羧乙烯, 卡波树脂 黄原胶, 三仙胶, 山羊胶, 汉生胶 卵燐脂, 卵磷脂, 磷脂酰胆硷 木蜜醇, 甘露醇, 甘露糖醇 ... 乙二胺四乙基二钠, 乙酸乙二胺二钠 辛乙二醇, 辛甘醇, 1, 2-辛二醇 乙基己基甘油 氨甲基丙醇 己二醇 苯氧乙醇, 苯氧基乙醇, 二苯氧基乙醇 "
Overnight Restorative Cream,"水 异硬脂酸盐, 异硬脂酸异丙酯 乳油木果脂, 雪亚脂, 乳木果, 乳油木, ... 甘油, 丙三醇 硬脂酸, 18酸, 十八酸, 己基癸醇硬脂酸酯 角鲨烷 丁二醇, 1, 3-丁二醇 硅灵, 地美司康, 二甲基硅酮, 二甲硅油, ... 甘油硬脂酸SE, 甘油硬脂酸酯 SE 棕榈醇, 鲸蜡硬脂醇 聚二甲基硅氧烷共聚物, 聚二甲基硅氧烷交联聚合物, ... 维他命C配糖体, 维生素C醣甘, 维他命C醣甘, ... 戊二醇, 1, 2-戊二醇 暂无 藻提取 醋酸盐维他命E, 醋酸生育酚酯, 生育酚醋酸酯, ... 齐墩果酸, 石竹素 棕榈酰低聚肽, 棕榈酰寡肽 四胜肽棕榈酸酯, 棕榈酰四肽-3 苹果粹取物 绿花恩南蕃茄树皮提取 海茴香提取 水飞蓟籽油 辛酸/癸酸三酸甘油酯, 辛酸/癸酸甘油三酯, ... 鲸蜡硬脂醇聚醚-20, 鲸蜡硬脂醇醚-20 丙烯酸/C10-30烷基丙烯酸聚合物, ... 氢氧化钠 辛乙二醇, 辛甘醇, 1, 2-辛二醇 氢化植物油 己二醇 苯氧乙醇, 苯氧基乙醇, 二苯氧基乙醇 乙二胺四乙基二钠, 乙酸乙二胺二钠 香料, 香水, 香精, 香味 咯烷酮羧酸钠, 钠羟基皮酪烷酮, PCA 钠 卡波莫, 卡波姆, 聚羧乙烯, 卡波树脂 聚山梨醇酯 20, 吐温20, 聚山梨醇酯-20 乳酸钠 乙基己基甘油 "
GENIUS Ultimate Anti-Aging Melting Cleanser,"水 异壬酸异壬酯, 蚕丝油 硅灵, 地美司康, 二甲基硅酮, 二甲硅油, ... 乳油木果脂, 雪亚脂, 乳木果, 乳油木, ... 丁二醇, 1, 3-丁二醇 甘油, 丙三醇 辛酸/癸酸三酸甘油酯, 辛酸/癸酸甘油三酯, ... 棕榈醇, 鲸蜡硬脂醇 PPG-3 苄基醚肉豆蔻酸酯 硬脂酸己六酯, 山梨坦硬脂酸酯 甘油硬脂酸, 硬脂酸甘油酯, 甘油硬脂酸酯 PEG-100 硬脂酸酯 戊二醇, 1, 2-戊二醇 暂无 水解奎藜籽 水解米蛋白 藻提取 四胜肽棕榈酸酯, 棕榈酰四肽-3 棕榈酰低聚肽, 棕榈酰寡肽 乙酰二肽十六烷醇酯, 乙酰基二肽-1 鲸蜡酯 乳清蛋白 水解木薯块茎萃取 乳酸 聚二甲基硅氧烷共聚物, 聚二甲基硅氧烷交联聚合物, ... 辛乙二醇, 辛甘醇, 1, 2-辛二醇 茁霉多糖, 普鲁兰多糖, 出芽短梗孢糖, ... 山梨酸钾, 己二稀酸钾, 己二烯酸钾 氢氧化钠 失水山梨醇月桂酸酯, 山梨坦月桂酸酯 丙烯酸/C10-30烷基丙烯酸聚合物, ... 乳糖 羟乙基纤维素 柠檬油精, 柑橘皮粹取, 苎烯 卡波莫, 卡波姆, 聚羧乙烯, 卡波树脂 己二醇 香茅醇 乙二胺四乙基二钠, 乙酸乙二胺二钠 丁苯基甲基丙醛 聚山梨醇酯 20, 吐温20, 聚山梨醇酯-20 苯甲酸钠, 安息香酸钠 羟基异己基3-环己基甲醛, ... 乙基己基甘油 苯氧乙醇, 苯氧基乙醇, 二苯氧基乙醇 香料, 香水, 香精, 香味 "
GENIUS Ultimate Anti-Aging Foaming Cleanser,"水 甘油, 丙三醇 月桂酰肌氨酸钠 烷基酰胺甜菜硷, 椰油酰胺丙基甜菜碱 月桂醇磺基琥珀酸酯二钠 1, 3-丙二醇 暂无 暂无 覆盆子叶提取 黑茶镳子叶提取, 黑醋栗叶提取 甜杏仁油, 甜扁桃油 月桂酰乳酰乳酸钠 椰酰甘胺酸钠, 椰油酰基甘氨酸钠, ... 椰油酰谷氨酸钠 丝氨酸, 丝胺酸 缬氨酸 异亮氨酸 脯氨酸 苏氨酸, 酥胺酸 组氨酸 苯丙氨酸 尿囊素 精氨酸 天冬氨酸, 天门冬氨酸 吡咯烷酮羧酸 甘氨酸, 左旋甘氨酸, 糖胶, 氨基乙酸, ... 丙氨酸, 丙胺酸 甘草酸钾, 甘草酸二钾盐, 甘草酸二钾 黄原胶, 三仙胶, 山羊胶, 汉生胶 咯烷酮羧酸钠, 钠羟基皮酪烷酮, PCA 钠 乳酸钠 聚山梨醇酯 80, 聚山梨醇酯-80 氯化钠, 食盐 乙二氨四醋酸四钠, 乙二胺四乙酸四钠, ... 乙基己基甘油 苯氧乙醇, 苯氧基乙醇, 二苯氧基乙醇 香料, 香水, 香精, 香味 "
Gentle Rejuvenating Cleanser,"水 椰油酰羟乙磺酸钠, 椰油基羟乙基磺酸钠, ... 甘油硬脂酸SE, 甘油硬脂酸酯 SE 硬脂酸, 18酸, 十八酸, 己基癸醇硬脂酸酯 烷基酰胺甜菜硷, 椰油酰胺丙基甜菜碱 鲸蜡醇, 棕榈醇, 十六醇, 16醇, ... 聚二甲基硅氧烷 PEG-8 白池花籽油酸酯 金缕梅, 金镂梅, 北美金缕梅 暂无 醋酸盐维他命E, 醋酸生育酚酯, 生育酚醋酸酯, ... 月桂酰燕麦氨基酸钠 茶叶提取 苹果粹取物 柠檬, 香橼果皮 橘子, 甜橙, 广西沙柑 熊果叶提取 光果甘草, 甘草, 甘草精 霍霍巴醇, 荷荷芭醇 霍霍巴油酸钾 甘油, 丙三醇 月桂醇乳酰乳酸酯 丁二醇, 1, 3-丁二醇 安息香酸, 苯甲酸 苯氧乙醇, 苯氧基乙醇, 二苯氧基乙醇 辛乙二醇, 辛甘醇, 1, 2-辛二醇 己二醇 氯化钠, 食盐 黄原胶, 三仙胶, 山羊胶, 汉生胶 乙基己基甘油 "
Hydrating Essence Toner,"水 丁二醇, 1, 3-丁二醇 咯烷酮羧酸钠, 钠羟基皮酪烷酮, PCA 钠 北美金缕梅水 暂无 棕榈酰低聚肽, 棕榈酰寡肽 四胜肽棕榈酸酯, 棕榈酰四肽-3 维他命C配糖体, 维生素C醣甘, 维他命C醣甘, ... 库拉索芦荟叶提取 油茶叶提取 母菊花萃取, 德国洋甘菊花萃取 黄瓜果提取 马鞭草提取 醋酸盐维他命E, 醋酸生育酚酯, 生育酚醋酸酯, ... 甘油, 丙三醇 1, 2-己二醇 辛乙二醇, 辛甘醇, 1, 2-辛二醇 卡波莫, 卡波姆, 聚羧乙烯, 卡波树脂 聚山梨醇酯 20, 吐温20, 聚山梨醇酯-20 安息香酸, 苯甲酸 乙二胺四乙基二钠, 乙酸乙二胺二钠 苯氧乙醇, 苯氧基乙醇, 二苯氧基乙醇 香料, 香水, 香精, 香味 "
Vintage Single Extract Essence,"水 1, 3-丙二醇 甘油, 丙三醇 茶叶提取 1, 2-己二醇 乙基己基甘油 "
High Performance Vitamin C Facial Serum,"水 甘油, 丙三醇 戊二醇, 1, 2-戊二醇 丙烯酸/C10-30烷基丙烯酸聚合物, ... 黄原胶, 三仙胶, 山羊胶, 汉生胶 丁二醇, 1, 3-丁二醇 维他命C磷酸镁盐, 维他命C磷酸镁, ... 卡波莫, 卡波姆, 聚羧乙烯, 卡波树脂 藻胶, 藻酸钠, 水解藻胶 甘油丙烯酸/丙烯酸共聚物 海水 小球藻提取 聚山梨醇酯 20, 吐温20, 聚山梨醇酯-20 山梨酸钾, 己二稀酸钾, 己二烯酸钾 鹿角菜胶, 爱尔兰海藻, 爱尔兰苔, 角叉菜, ... 四胜肽棕榈酸酯, 棕榈酰四肽-3 苯甲酸钠, 安息香酸钠 棕榈酰低聚肽, 棕榈酰寡肽 苯甲醇 氢氧化钠 咯烷酮羧酸钠, 钠羟基皮酪烷酮, PCA 钠 尿素, 碳酰二胺 乙二胺四乙基二钠, 乙酸乙二胺二钠 脱氢醋酸, 去水醋酸, 脱氢乙酸 黄瓜果提取 海藻醣, 海藻糖 聚季铵盐-51 光果甘草根提取 丙二醇, 丙烯乙二醇, 1, 2-丙二醇 玻尿酸钠, 透明质酸钠, 玻璃酸钠 三醋精 橙花 蔺花香茅提取 蔺花香茅油 柠檬酸 "
Glycolic Exfoliating & Resurfacing Wipes,"水 甘油聚醚-7 三乙酸酯 聚山梨醇酯 20, 吐温20, 聚山梨醇酯-20 库拉索芦荟叶提取 母菊花萃取, 德国洋甘菊花萃取 黄瓜果提取 人参根提取 茶叶提取 欧洲越桔果提取 糖槭提取 甜橙果提取 香橼果提取 北美金缕梅树皮/叶/嫩枝提取 库拉索芦荟叶汁 尿囊素 薄荷脑, 薄荷醇 醋酸盐维他命E, 醋酸生育酚酯, 生育酚醋酸酯, ... 癸基葡萄糖苷, 癸基葡糖苷 谷氨酸二乙酸四钠 氢氧化钠 柠檬酸 葡糖酸内酯, 内酯型葡糖酸 苯甲酸钠, 安息香酸钠 山梨酸钾, 己二稀酸钾, 己二烯酸钾 苯氧乙醇, 苯氧基乙醇, 二苯氧基乙醇 香料, 香水, 香精, 香味 "
Oil Free Facial Lotion,"水 PPG-2 肉豆蔻基醚丙酸酯, ... 甘油, 丙三醇 蜡醇, 二十六烷醇 甘油硬脂酸, 硬脂酸甘油酯, 甘油硬脂酸酯 PEG-100 硬脂酸酯 蚕丝的氨基酸, 蚕丝氨基酸 咯烷酮羧酸钠, 钠羟基皮酪烷酮, PCA 钠 硅灵, 地美司康, 二甲基硅酮, 二甲硅油, ... 二羟甲基二甲基乙内酰脲, DMDM 乙内酰脲 吉拉索芦荟, 库拉索芦荟, 翠叶芦荟, 洋芦荟, ... 三乙醇胺 白花春黄菊花提取 葡萄柚, 柚子, 柚 广西沙柑油 香茅 苯甲酸甲脂, 对羟基苯甲酸甲酯, 羟苯甲酯, ... 对羟基苯甲酸丙酯, 羟苯丙酯, 尼泊金丙酯, ... 无符合资料 "
High Performance Continuous Moisture Eye Cream,"水 甘油, 丙三醇 辛酸/癸酸三酸甘油酯, 辛酸/癸酸甘油三酯, ... C12-15 烷醇苯甲酸酯, ... 甘油硬脂酸, 硬脂酸甘油酯, 甘油硬脂酸酯 1, 3-丙二醇 PEG-100 硬脂酸酯 棕榈醇, 鲸蜡硬脂醇 乳油木果脂, 雪亚脂, 乳木果, 乳油木, ... 硅灵, 地美司康, 二甲基硅酮, 二甲硅油, ... 乙烯/丙烯酸共聚物 PPG-15 硬脂基醚, PPG-15 硬脂醇醚 角鲨烷 荷荷葩酯, 霍霍巴酯, 荷荷芭酯, 霍霍巴酯类 荷荷葩油, 荷荷巴油, 荷荷芭油, 霍霍巴油, ... 氢化橄榄油酸乙基己酯 辛酸/癸酸/肉豆蔻酸/硬脂酸甘油三酯 氢化橄榄油不皂化物 藻提取 茁霉多糖, 普鲁兰多糖, 出芽短梗孢糖, ... 肉荳蔻酸肉荳蔻脂, 肉豆蔻醇肉豆蔻酸酯 花生醇 咖啡因 库拉索芦荟叶汁粉 维生素原B5, 维他命原B5, 泛醇 花生基葡萄糖苷, 花生醇葡糖苷 山金车花提取 黄瓜果提取 胡萝蔔根提取 姜根提取 玻尿酸钠, 透明质酸钠, 玻璃酸钠 白杨素 棕榈酰低聚肽, 棕榈酰寡肽 四胜肽棕榈酸酯, 棕榈酰四肽-3 N-羟基琥珀酼亚胺 异构寡糖, 糖类同分异构体 乙基己基甘油 甜没药, 没药醇, 比萨波醇, 红没药醇, ... 聚山梨醇酯 60, 聚山梨醇酯-60 脂肪酸醇类, 山嵛醇 C13-14 异烷烃, C13-14 异链烷烃 聚丙烯酰胺 月桂醇聚醚-7 硬脂醇聚醚-20, 硬脂醇聚氧乙烯醚(20) 白藜芦醇 醋酸盐维他命E, 醋酸生育酚酯, 生育酚醋酸酯, ... 抗坏血酸棕榈酸酯, 维他命C棕榈酸酯 棕榈酸维他命A, 维他命A酯, 棕榈酸视黄酯, ... 黄原胶, 三仙胶, 山羊胶, 汉生胶 粘多醣, 黏多醣, 胺基葡萄糖苷, 葡萄氨聚糖, ... 辛乙二醇, 辛甘醇, 1, 2-辛二醇 氨甲基丙醇 乙二氨四醋酸四钠, 乙二胺四乙酸四钠, ... 苯氧乙醇, 苯氧基乙醇, 二苯氧基乙醇 安息香酸, 苯甲酸 山梨酸, 己二烯酸 氯苯甘醚 苯甲醇 "
Skin Love Glow Elixir,"水 丁二醇, 1, 3-丁二醇 维他命C配糖体, 维生素C醣甘, 维他命C醣甘, ... 蜂蜜 甲基葡萄糖20环氧乙烷, 甲基葡糖醇聚醚-20 비스-피이지-18메칠에텔디메칠실란 乙酰葡萄糖氨, 乙酰葡糖胺 光果甘草叶提取 豨签提取 乳清蛋白 大果越桔果提取 枸杞果提取 牡丹根提取 黄龙胆根提取 狭叶越桔果提取 藻提取 虎杖根提取 酵母, 酵母菌胞溶产物, 酵母提取 糖蜜提取 水解米糠提取 咖啡因 玻尿酸钠, 透明质酸钠, 玻璃酸钠 生育酚亚油酸酯/油酸酯 香料, 香水, 香精, 香味 海藻醣, 海藻糖 角鲨烷 麦角硫因, 麦硫因 甘油, 丙三醇 甘油醇26, 甘油聚醚-26 聚乙二醇-75 油醇聚醚-3 磷酸酯 云母 油醇 3, 油醇聚醚-3 二氧化钛 辛乙二醇, 辛甘醇, 1, 2-辛二醇 卡波莫, 卡波姆, 聚羧乙烯, 卡波树脂 油醇聚醚-5 黄原胶, 三仙胶, 山羊胶, 汉生胶 柠檬酸 己二醇 桂皮酸盐, 4-甲氧基肉桂酸-2-乙基己基酯, ... 氢氧化钠 芳樟醇, 沈香醇 香叶醇 α异甲基紫罗酮, α-异甲基紫罗兰酮 香茅醇 乙二氨四醋酸四钠, 乙二胺四乙酸四钠, ... 乙二胺四乙基二钠, 乙酸乙二胺二钠 FD&C 色料 蓝色一号 二丁基羟基甲苯, 丁羟甲苯, 丁基羟基甲苯 苯氧乙醇, 苯氧基乙醇, 二苯氧基乙醇 "
Witch Hazel Herbal Extract Toner,"水 金缕梅, 金镂梅, 北美金缕梅 트로메타민 秀英花 长蒴黄麻叶提取 双丙甘醇 甘油, 丙三醇 己基癸醇乙基己酸酯 季戊四醇四辛酸酯, 季戊四醇四（乙基己酸）酯 玻尿酸钠, 透明质酸钠, 玻璃酸钠 1, 2-己二醇 지실추출물 变性酒精, 变性乙醇, SD 乙醇 40, ... 环戊硅氧烷, 聚硅氧化合物, 十甲基环五硅氧烷, ... 甜菜硷, 三甲基甘氨酸, 甜菜碱, 甜菜碱 丙烯酸/C10-30烷基丙烯酸聚合物, ... 硅灵, 地美司康, 二甲基硅酮, 二甲硅油, ... 燕麦 金盏花花提取 荆芥提取 树莓，覆盆子 赝靛根提取 繁缕 EDTA-三钠 橘子, 甜橙, 广西沙柑 莱姆, 来檬 迷迭香 斑点老鹳草油, 野生天竺葵油 "
Hungarian Water Essence,"水 双丙甘醇 甘油, 丙三醇 玻尿酸钠, 透明质酸钠, 玻璃酸钠 1, 6-己二醇 지실추출물 马齿苋提取 迷迭香 积雪草提取 薰衣草, 真正薰衣草 鼠尾草, 药鼠尾草 香蜂花叶提取 聚合草叶提取 欧蓍草提取 黄花前胡提取 羽衣草提取 玫瑰粹取, 玫瑰 环戊硅氧烷, 聚硅氧化合物, 十甲基环五硅氧烷, ... 三异辛酸甘油酯, 甘油三(乙基己酸)酯 트로메타민 菌类植物胶, 小核菌胶 丙烯酰二甲基牛磺酸铵/VP 共聚物 丙烯酸/C10-30烷基丙烯酸聚合物, ... 燕麦 金盏花花提取 荆芥提取 树莓，覆盆子 赝靛根提取 繁缕 羽衣草叶提取 问荆叶提取 异株荨麻, 刺荨麻, 大荨麻 长叶车前叶提取 EDTA-三钠 橘子, 甜橙, 广西沙柑 莱姆, 来檬 斑点老鹳草油, 野生天竺葵油 "
Creamy Cleansing Foam Moist ,"十四烷脂肪酸, 肉豆蔻酸, 十四酸 甘油, 丙三醇 氢氧化钾 水 丁二醇, 1, 3-丁二醇 硬脂酸, 18酸, 十八酸, 己基癸醇硬脂酸酯 甲椰酰基牛磺酸钠, 甲基椰油酰基牛磺酸钠 甘油硬脂酸, 硬脂酸甘油酯, 甘油硬脂酸酯 PEG-100 硬脂酸酯 聚季铵盐-7 二乙醇二硬脂酸, 乙二醇二硬脂酸酯, ... PEG-40 氢化篦麻油, PEG-40氢化蓖麻油 氢化聚癸烯 辛乙二醇, 辛甘醇, 1, 2-辛二醇 1, 2-己二醇 魁蒿叶粉 橘子, 甜橙, 广西沙柑 醋酸盐维他命E, 醋酸生育酚酯, 生育酚醋酸酯, ... 莱姆, 来檬 迷迭香 燕麦 金盏花花提取 荆芥提取 树莓，覆盆子 赝靛根提取 繁缕 肥皂草叶提取 无患子果萃取 冬瓜籽提取 菖蒲根提取 EDTA-三钠 斑点老鹳草油, 野生天竺葵油 "
Milky Hydra Balancing Moisturizer ,"水 双丙甘醇 甘油, 丙三醇 三异辛酸甘油酯, 甘油三(乙基己酸)酯 己基癸醇乙基己酸酯 季戊四醇四辛酸酯, 季戊四醇四（乙基己酸）酯 1, 2-己二醇 甘油硬脂酸, 硬脂酸甘油酯, 甘油硬脂酸酯 PEG-100 硬脂酸酯 环戊硅氧烷, 聚硅氧化合物, 十甲基环五硅氧烷, ... 药鼠尾草叶提取 燕麦仁提取 金盏花花提取 荆芥提取 覆盆子叶提取 赝靛根提取 繁缕提取 羽衣草叶提取 三色堇提取 突厥蔷薇花提取 榆绣线菊花提取 药蜀葵根提取 长蒴黄麻叶提取 美国薄荷叶提取 甜橙油 迷迭香叶油 斑点老鹳草油, 野生天竺葵油 C14-22 醇 C12-20 烷基葡糖苷 棕榈醇, 鲸蜡硬脂醇 硅灵, 地美司康, 二甲基硅酮, 二甲硅油, ... 维生素原B5, 维他命原B5, 泛醇 PEG-5 甘油硬脂酸酯 卡波莫, 卡波姆, 聚羧乙烯, 卡波树脂 트로메타민 云母 二氧化钛 氧化铁 黄原胶, 三仙胶, 山羊胶, 汉生胶 EDTA-三钠 香茅醇 柠檬油精, 柑橘皮粹取, 苎烯 "
Cleansing Herb Water,"水 双丙甘醇 蓝桉叶提取 橄榄油 PEG-7 酯类 聚乙二醇-6 辛酸/癸酸甘油酯类, ... 1, 2-己二醇 维生素原B5, 维他命原B5, 泛醇 圆叶薄荷叶提取 狗牙蔷薇果提取 牛蒡根提取 贯叶连翘萃取 黄花前胡提取 香料, 香水, 香精, 香味 柠檬酸钠, 枸橼酸钠 柠檬酸 EDTA-三钠 燕麦 金盏花花提取 荆芥提取 树莓，覆盆子 赝靛根提取 繁缕 "
Extra Illuminating Moisture Balm,"水 新戊二醇二庚酸酯 PEG-4 二庚酸酯 甘油, 丙三醇 双-二甘油多脂酰己二酸酯-2, ... 季戊四醇四辛酸酯, 季戊四醇四（乙基己酸）酯 乳油木果脂, 雪亚脂, 乳木果, 乳油木, ... 苯基三甲基聚硅氧烷, 苯基聚三甲基硅氧烷 聚乙烯 棕榈醇, 鲸蜡硬脂醇 硅灵, 地美司康, 二甲基硅酮, 二甲硅油, ... 醋酸盐维他命E, 醋酸生育酚酯, 生育酚醋酸酯, ... 鲸蜡醇, 棕榈醇, 十六醇, 16醇, ... 甘油硬脂酸, 硬脂酸甘油酯, 甘油硬脂酸酯 柳叶菜, 柳叶兰, 柳兰 无患子果萃取 海巴戟果提取 小果咖啡籽提取 木鲁星果棕籽脂 苦柑, 酸橙 月见草油, 夜樱草油 咖啡因 香叶天竺葵花油 洋甘菊, 罗马洋甘菊, 母菊, 白花春黄菊, ... 迷迭香 柚皮油, 橙皮油 卵燐脂, 卵磷脂, 磷脂酰胆硷 刺云实胶 ラウリン酸ＰＧ 角鲨烷 硬脂酸己六酯, 山梨坦硬脂酸酯 PEG-40 硬脂酸酯 丙烯酸羟乙酯/丙烯酰二甲基牛磺酸钠共聚物 乙基己基甘油 丁二醇, 1, 3-丁二醇 二鲸蜡醇磷酸酯 鲸蜡醇聚醚-10 磷酸酯 聚山梨醇酯 60, 聚山梨醇酯-60 丙二醇硬脂酸酯 玻尿酸钠, 透明质酸钠, 玻璃酸钠 失水山梨醇月桂酸酯, 山梨坦月桂酸酯 山梨酸钾, 己二稀酸钾, 己二烯酸钾 聚山梨醇酯 20, 吐温20, 聚山梨醇酯-20 柠檬酸 黄原胶, 三仙胶, 山羊胶, 汉生胶 氧化锡 乙二氨四醋酸四钠, 乙二胺四乙酸四钠, ... 香叶醇 香茅醇 芳樟醇, 沈香醇 柠檬油精, 柑橘皮粹取, 苎烯 柠檬醛 氯苯甘醚 云母 "
Lathering Tube Soap,"水 甘油, 丙三醇 山萮酸钾, 山嵛酸钾 甲椰酰基牛磺酸钠, 甲基椰油酰基牛磺酸钠 棕榈酸钾 月桂酸钾 硬脂酸钾 酪梨油, 酪梨, 鳄梨, 牛油果 小麦胚芽油 荷荷葩油, 荷荷巴油, 荷荷芭油, 霍霍巴油, ... 葡萄籽油 芝麻籽粉 犬蔷薇 白芒花籽油 橄榄 甜杏仁油, 甜扁桃油 月见草油, 夜樱草油 杏核油, 杏仁油, 杏桃仁油 葡萄柚, 柚子, 柚 薰衣草, 真正薰衣草 迷迭香 角鲨烷 棕榈醇, 鲸蜡硬脂醇 矿脂, 凡士林 乳油木果脂, 雪亚脂, 乳木果, 乳油木, ... 二氢茉莉酮酸甲酯 聚季铵盐-7 PEG-3 二硬脂酸酯 乙二胺四乙基二钠, 乙酸乙二胺二钠 甲基氯异塞唑晽酮, 甲基氯异噻唑啉酮 甲基异噻唑啉酮 "
Super Restorative Night Age Spot Correcting Replenishing Cream,"水 辛酸/癸酸三酸甘油酯, 辛酸/癸酸甘油三酯, ... 鲸蜡硬脂基辛酸酯, 鲸蜡硬脂醇乙基己酸酯 甘油, 丙三醇 棕榈醇, 鲸蜡硬脂醇 乳油木果脂, 雪亚脂, 乳木果, 乳油木, ... 角鲨烷 氢化椰油甘油混合酯, 氢化椰油甘油酯类 戊二醇, 1, 2-戊二醇 芒果籽油 甘油硬脂酸, 硬脂酸甘油酯, 甘油硬脂酸酯 PEG-100 硬脂酸酯 丙烯酸羟乙酯/丙烯酰二甲基牛磺酸钠共聚物 鲸蜡硬脂基葡糖苷 苯氧乙醇, 苯氧基乙醇, 二苯氧基乙醇 硅灵, 地美司康, 二甲基硅酮, 二甲硅油, ... 香料, 香水, 香精, 香味 丙二醇, 丙烯乙二醇, 1, 2-丙二醇 己基间苯二酚 聚甲基丙烯酸甲酯, 热塑性树脂 云母 二氧化钛 乙二胺四乙基二钠, 乙酸乙二胺二钠 乙基己基甘油 醋酸盐维他命E, 醋酸生育酚酯, 生育酚醋酸酯, ... 玻尿酸钠, 透明质酸钠, 玻璃酸钠 黄原胶, 三仙胶, 山羊胶, 汉生胶 丁二醇, 1, 3-丁二醇 银杏叶提取 马达加斯加哈伦加那提取 生育醇, 生育酚, 维他命E, 维生素E, ... 油橄榄果提取 聚繖岩蔷嶶提取 乙酰基四肽-2 葡聚糖 柠檬酸 "
Multi-Active Day Cream SPF 20 - All Skin Types,"帕索 1789, 丁基甲氧基二苯甲酰基甲烷 甲基水杨醇, 胡莫柳酯 欧托奎雷, 奥克立林 水 甘油, 丙三醇 丁基辛醇水杨酸酯 硅灵, 地美司康, 二甲基硅酮, 二甲硅油, ... C12-15 烷醇苯甲酸酯, ... 乙醇, 酒精 1, 3-丙二醇 鲸蜡醇磷酸酯钾 香料, 香水, 香精, 香味 纤维素 鲸蜡硬脂基葡糖苷 野续断提取 苯氧乙醇, 苯氧基乙醇, 二苯氧基乙醇 丙烯酸/C10-30烷基丙烯酸聚合物, ... 辛乙二醇, 辛甘醇, 1, 2-辛二醇 二氧化钛 트로메타민 合成氟金云母 乙二胺四乙基二钠, 乙酸乙二胺二钠 醋酸盐维他命E, 醋酸生育酚酯, 生育酚醋酸酯, ... 黄原胶, 三仙胶, 山羊胶, 汉生胶 玻尿酸钠, 透明质酸钠, 玻璃酸钠 聚二甲基硅氧烷醇 生育醇, 生育酚, 维他命E, 维生素E, ... 丁二醇, 1, 3-丁二醇 欧查状柿叶提取 麦芽糖煳精, 麦芽煳精 欧洲变豆菜提取 密罗木 柠檬酸 欧洲稻槎菜花/叶/茎提取 柠檬酸钠, 枸橼酸钠 山梨酸钾, 己二稀酸钾, 己二烯酸钾 抗坏血酸, 维他命C, 维生素C 甘醇酸, 羟基乙酸 乳酸 无符合资料 "
Blue Orchid Face Treatment Oil,"欧洲榛 广藿香油 香料, 香水, 香精, 香味 葵花籽油, 葵花油, 向日葵籽油 醋酸盐维他命E, 醋酸生育酚酯, 生育酚醋酸酯, ... 大花万代兰提取 芳樟醇, 沈香醇 柠檬油精, 柑橘皮粹取, 苎烯 香豆素 丁香酚 "
Extra-Comfort Toning Lotion,"双丙甘醇 聚乙二醇-8 丁二醇, 1, 3-丁二醇 维生素原B5, 维他命原B5, 泛醇 聚乙二醇-32 聚乙二醇 聚乙二醇-40 氢化蓖麻油 癸酸 香料, 香水, 香精, 香味 卡波莫, 卡波姆, 聚羧乙烯, 卡波树脂 醋酸盐维他命E, 醋酸生育酚酯, 生育酚醋酸酯, ... 棕榈酸维他命A, 维他命A酯, 棕榈酸视黄酯, ... 向日葵, 太阳花 亚麻 亚麻花提取 欧洲椴提取 甜杏仁 甜杏仁 苯氧乙醇, 苯氧基乙醇, 二苯氧基乙醇 丁酯, 对羟基苯甲酸丁酯, 羟苯丁酯, ... 苯甲酸酯类, 羟基苯甲酸酯 苯甲酸甲脂, 对羟基苯甲酸甲酯, 羟苯甲酯, ... 对羟基苯甲酸异丁酯, 异对羟基苯甲酸丁酯, ... 对羟基苯甲酸丙酯, 羟苯丙酯, 尼泊金丙酯, ... 黄原胶, 三仙胶, 山羊胶, 汉生胶 山梨酸钾, 己二稀酸钾, 己二烯酸钾 二丁基羟基甲苯, 丁羟甲苯, 丁基羟基甲苯 羟基香茅醛 水杨酸MEA盐 戊基肉桂醛 茴香醇 苯甲酸苯甲酯, 苯甲酸苄酯 丁香酚 FD&C 色料 黄色六号, 日落黄 无符合资料 无符合资料 "
Gentle Foaming Cleanser-Combination or Oily Skin ,"水 甘油, 丙三醇 硬脂酸, 18酸, 十八酸, 己基癸醇硬脂酸酯 十四烷脂肪酸, 肉豆蔻酸, 十四酸 氢氧化钾 二乙醇二硬脂酸, 乙二醇二硬脂酸酯, ... 月桂酸, 12酸, 十二酸 月桂酰肌氨酸钠 月桂醇聚醚硫酸酯TIPA盐 淀粉辛烯基琥珀酯铝盐, 淀粉辛烯基琥珀酸铝 甘油山嵛酸酯 矿蜡, 地蜡, 白地蜡, 纯地蜡 香料, 香水, 香精, 香味 硅灵, 地美司康, 二甲基硅酮, 二甲硅油, ... 木蜜醇, 甘露醇, 甘露糖醇 丙二醇, 丙烯乙二醇, 1, 2-丙二醇 纤维素 乙二氨四醋酸四钠, 乙二胺四乙酸四钠, ... α-葡低聚糖, α-葡聚糖寡糖 菊薯根汁 水杨酸钠 酒石酸 麦芽糖煳精, 麦芽煳精 酸豆提取 丙烯酸(酯)类/甲基丙烯酸铵共聚物 クエン酸トリエチル 草棉籽提取 羟丙基甲基纤维素 圆锥石头花根提取 乳酸菌 山梨酸钾, 己二稀酸钾, 己二烯酸钾 甲基氯异塞唑晽酮, 甲基氯异噻唑啉酮 甲基异噻唑啉酮 山梨酸, 己二烯酸 二丁基羟基甲苯, 丁羟甲苯, 丁基羟基甲苯 水杨酸苄酯 丁苯基甲基丙醛 柠檬油精, 柑橘皮粹取, 苎烯 芳樟醇, 沈香醇 二氧化钛 蓝色色料, 群青 "
Santal Face Treatment Oil,"欧洲榛籽油, 榛果油 檀香油 白荳蔻 洋芫荽, 欧芹 薰衣草油 香料, 香水, 香精, 香味 芳樟醇, 沈香醇 柠檬油精, 柑橘皮粹取, 苎烯 α异甲基紫罗酮, α-异甲基紫罗兰酮 柠檬醛 "
Cleansing Milk with Alpine Herbs,"水 辛酸/癸酸三酸甘油酯, 辛酸/癸酸甘油三酯, ... 辛基十二烷醇, 辛基十二醇 甘油, 丙三醇 聚山梨醇酯 60, 聚山梨醇酯-60 α-葡低聚糖, α-葡聚糖寡糖 香料, 香水, 香精, 香味 三乙醇胺 丙烯酸/C10-30烷基丙烯酸聚合物, ... 苯氧乙醇, 苯氧基乙醇, 二苯氧基乙醇 棕榈醇, 鲸蜡硬脂醇 亚麻 丙二醇, 丙烯乙二醇, 1, 2-丙二醇 苯甲酸甲脂, 对羟基苯甲酸甲酯, 羟苯甲酯, ... 山梨酸钾, 己二稀酸钾, 己二烯酸钾 鲸蜡硬脂基葡糖苷 乙二胺四乙基二钠, 乙酸乙二胺二钠 醋酸盐维他命E, 醋酸生育酚酯, 生育酚醋酸酯, ... 药蜀葵, 蜀葵属植物 杏仁, 扁桃 山金车, 山金车粹取 金丝桃, 贯叶连翘 杜松子, 杜松果, 欧刺柏 薄荷萃取, 香蜂草, 蜜蜂花 欧洲赤松 紫蓝花白芨 丁酯, 对羟基苯甲酸丁酯, 羟苯丁酯, ... 乙酯, 羟基苯甲酸乙酯, 羟苯乙酯, ... 棕榈酸维他命A, 维他命A酯, 棕榈酸视黄酯, ... 花生果提取 对羟基苯甲酸异丁酯, 异对羟基苯甲酸丁酯, ... 对羟基苯甲酸丙酯, 羟苯丙酯, 尼泊金丙酯, ... 黄龙胆 黄原胶, 三仙胶, 山羊胶, 汉生胶 氯苯甘醚 二丁基羟基甲苯, 丁羟甲苯, 丁基羟基甲苯 芳樟醇, 沈香醇 苯甲酸苯甲酯, 苯甲酸苄酯 α异甲基紫罗酮, α-异甲基紫罗兰酮 苯甲醇 丁香酚 水杨酸苄酯 戊基肉桂醛 茴香醇 香叶醇 FD&C 色料 蓝色一号 FD&C 色料 黄色五号, 柠檬黄, 酒石黄 "
Lotus Face Treatment Oil,"欧洲榛 香天竺葵, 香叶天竺葵 香料, 香水, 香精, 香味 迷迭香 洋甘菊, 罗马洋甘菊, 母菊, 白花春黄菊, ... 南欧丹参, 快乐鼠尾草 百脉根 香茅醇 芳樟醇, 沈香醇 香叶醇 柠檬油精, 柑橘皮粹取, 苎烯 柠檬醛 香豆素 苯甲酸苯甲酯, 苯甲酸苄酯 "
Beauty Flash Balm,"水 丙二醇, 丙烯乙二醇, 1, 2-丙二醇 辛基十二烷醇, 辛基十二醇 米淀粉 聚山梨醇酯 60, 聚山梨醇酯-60 硬脂酸己六酯, 山梨坦硬脂酸酯 油橄榄叶提取 三乙醇胺 卡波莫, 卡波姆, 聚羧乙烯, 卡波树脂 甜没药, 没药醇, 比萨波醇, 红没药醇, ... 苯氧乙醇, 苯氧基乙醇, 二苯氧基乙醇 香料, 香水, 香精, 香味 金缕梅, 金镂梅, 北美金缕梅 海藻, 海藻粹取物, 藻 柠檬酸钠, 枸橼酸钠 苯甲酸甲脂, 对羟基苯甲酸甲酯, 羟苯甲酯, ... 对羟基苯甲酸异丁酯, 异对羟基苯甲酸丁酯, ... 对羟基苯甲酸丙酯, 羟苯丙酯, 尼泊金丙酯, ... 山梨酸钾, 己二稀酸钾, 己二烯酸钾 己基肉桂醛, 己基桂醛 芳樟醇, 沈香醇 香豆素 水杨酸苄酯 丁苯基甲基丙醛 羟基香茅醛 香茅醇 香叶醇 α异甲基紫罗酮, α-异甲基紫罗兰酮 丁香酚 柠檬油精, 柑橘皮粹取, 苎烯 异丁香酚 FD&C 色料 黄色六号, 日落黄 "
Eye Contour Gel,"水 甘油, 丙三醇 硅灵, 地美司康, 二甲基硅酮, 二甲硅油, ... 聚乙烯 十三烷醇偏苯三酸酯 辛酸/癸酸三酸甘油酯, 辛酸/癸酸甘油三酯, ... 异十八醇, 异硬脂醇 丁二醇椰油酸酯 果寡醣, 低聚果糖 木蜜醇, 甘露醇, 甘露糖醇 木醣醇, 木糖醇 咖啡因 玻尿酸钠, 透明质酸钠, 玻璃酸钠 甘草亭酸 鼠李糖, 甲基戊糖 楔基海带 丙烯酸/C10-30烷基丙烯酸聚合物, ... 戊二醇, 1, 2-戊二醇 辛乙二醇, 辛甘醇, 1, 2-辛二醇 1, 2-己二醇 乙二胺四乙基二钠, 乙酸乙二胺二钠 氢氧化钠 乙基纤维素 "
Multi-Active Day Cream-Gel - Normal to Combination Skin,"水 辛酸/癸酸三酸甘油酯, 辛酸/癸酸甘油三酯, ... 1, 3-丙二醇 甘油, 丙三醇 鲸蜡硬脂醇异壬酸酯 纤维素 丙烯酸羟乙酯/丙烯酰二甲基牛磺酸钠共聚物 苯氧乙醇, 苯氧基乙醇, 二苯氧基乙醇 香料, 香水, 香精, 香味 野续断提取 丙烯酸/C10-30烷基丙烯酸聚合物, ... 二氧化钛 合成氟金云母 乙基己基甘油 PPG-5-鲸蜡醇聚醚-20 醋酸盐维他命E, 醋酸生育酚酯, 生育酚醋酸酯, ... 트로메타민 玻尿酸钠, 透明质酸钠, 玻璃酸钠 柠檬酸 丁二醇, 1, 3-丁二醇 欧查状柿叶提取 麦芽糖煳精, 麦芽煳精 乙二胺四乙基二钠, 乙酸乙二胺二钠 欧洲变豆菜提取 密罗木 欧洲稻槎菜花/叶/茎提取 柠檬酸钠, 枸橼酸钠 山梨酸钾, 己二稀酸钾, 己二烯酸钾 抗坏血酸, 维他命C, 维生素C FD&C 色料 红色四号 甘醇酸, 羟基乙酸 乳酸 聚乙烯醇 D&C 色料 红色卅三号 七肽-15棕榈酸酯 "
UV PLUS Anti-Pollution Sunscreen Multi-Protection Tint SPF 50,"甲基水杨醇, 胡莫柳酯 欧托奎雷, 奥克立林 二苯酮-3, 羟基苯酮 二氧化钛 水 乙醇, 酒精 聚甘油-3 聚二甲基硅羟乙基聚二甲基硅氧烷 氢氧化铝 硬脂酸, 18酸, 十八酸, 己基癸醇硬脂酸酯 PEG/PPG-18/18 聚二甲基硅氧烷 尼龙-12, 锦纶-12 聚乙二醇 12 聚二甲基硅氧烷, ... 氯化钠, 食盐 苯氧乙醇, 苯氧基乙醇, 二苯氧基乙醇 香料, 香水, 香精, 香味 甘油, 丙三醇 乙基己基甘油 醋酸盐维他命E, 醋酸生育酚酯, 生育酚醋酸酯, ... 乙二胺四乙基二钠, 乙酸乙二胺二钠 欧洲变豆菜提取 丁二醇, 1, 3-丁二醇 月桂酰谷氨酸钠 离氨酸, 离胺酸, 赖氨酸 氯化镁 玻尿酸钠, 透明质酸钠, 玻璃酸钠 羟丙基三甲基氯化铵麦芽煳精交联聚合物 嗜热栖热菌发酵产物 欧洲稻槎菜花/叶/茎提取 黑茶镳子芽提取 山梨酸钾, 己二稀酸钾, 己二烯酸钾 柠檬酸 茶叶提取 甜瓜果提取 氧化铁 "
Clarifying Lotion 2,"变性酒精, 变性乙醇, SD 乙醇 40, ... 纯水, 纯化水 金缕梅, 金镂梅, 北美金缕梅 甘油, 丙三醇 薄荷脑, 薄荷醇 硼砂, 硼酸钠, 四硼酸钠 酸性紫 43 红色色料 "
Take The Day Off Cleansing Balm,"棕榈酸异辛酯, 棕榈酸乙基己酯, 棕榈酸盐 红花 辛酸/癸酸三酸甘油酯, 辛酸/癸酸甘油三酯, ... 山梨醇聚醚-30 四油酸酯 聚乙烯 PEG-5 甘油三异硬脂酸酯 水 生育醇, 生育酚, 维他命E, 维生素E, ... 苯氧乙醇, 苯氧基乙醇, 二苯氧基乙醇 "
Clarifying Lotion 3,"变性酒精, 变性乙醇, SD 乙醇 40, ... 水 金缕梅, 金镂梅, 北美金缕梅 甘油, 丙三醇 薄荷脑, 薄荷醇 硼砂, 硼酸钠, 四硼酸钠 酸性紫 43 D&C 色料 红色卅三号 红色色料 "
Rinse-Off Foaming Cleanser,"水 甘油, 丙三醇 硬脂酸钾 棕榈酸钾 硬脂酸, 18酸, 十八酸, 己基癸醇硬脂酸酯 棕榈酸, 16酸, 十六酸 甲椰酰基牛磺酸钠, 甲基椰油酰基牛磺酸钠 月桂酸钾 聚乙烯 月桂酸, 12酸, 十二酸 肉豆蔻酸钾 十四烷脂肪酸, 肉豆蔻酸, 十四酸 PEG-3 二硬脂酸酯 月桂醇聚醚硫酸酯钠盐, 十二烷基醚硫酸钠, ... 棕榈酸钠 月桂酰乳酰乳酸钠 辛酸/癸酸三酸甘油酯, 辛酸/癸酸甘油三酯, ... 山梨酸钾, 己二稀酸钾, 己二烯酸钾 α-葡低聚糖, α-葡聚糖寡糖 香料, 香水, 香精, 香味 月桂基葡糖苷 丙二醇, 丙烯乙二醇, 1, 2-丙二醇 椰油酰羟乙磺酸钠, 椰油基羟乙基磺酸钠, ... 聚季铵盐-7 乙二氨四醋酸四钠, 乙二胺四乙酸四钠, ... 安息香酸, 苯甲酸 苯氧乙醇, 苯氧基乙醇, 二苯氧基乙醇 山梨醣醇, 山梨糖醇, 山梨醇, 葡萄糖醇, ... 欧锦葵提取 苯甲酸甲脂, 对羟基苯甲酸甲酯, 羟苯甲酯, ... 北美鹅掌楸叶蜡 乙二胺四乙基二钠, 乙酸乙二胺二钠 对羟基苯甲酸丙酯, 羟苯丙酯, 尼泊金丙酯, ... 乙酯, 羟基苯甲酸乙酯, 羟苯乙酯, ... 丁酯, 对羟基苯甲酸丁酯, 羟苯丁酯, ... 对羟基苯甲酸异丁酯, 异对羟基苯甲酸丁酯, ... "
Repairwear Laser Focus Wrinkle Correcting Eye Cream,"水 角鲨烷 丁二醇, 1, 3-丁二醇 棕榈酸异辛酯, 棕榈酸乙基己酯, 棕榈酸盐 甘油, 丙三醇 辛酸/癸酸/肉豆蔻酸/硬脂酸甘油三酯 硅灵, 地美司康, 二甲基硅酮, 二甲硅油, ... 甲基葡萄糖20环氧乙烷, 甲基葡糖醇聚醚-20 PEG-100 硬脂酸酯 鲸蜡醇, 棕榈醇, 十六醇, 16醇, ... 甘油硬脂酸, 硬脂酸甘油酯, 甘油硬脂酸酯 聚乙二醇-8 聚甲基硅倍半氧烷 氢化卵磷脂, 氢化卵燐脂 钩沙菜提取 藻提取 豨签提取 海茴香提取 大麦提取 小球藻提取 小黄瓜, 胡瓜 迷迭香叶提取 粉团扇藻叶状体提取 掌状海带提取 茶叶提取 覆膜酵母菌发酵产物滤液 乳清蛋白 氢化植物油 微球菌溶解物, 微球菌溶胞产物 酪梨油, 酪梨, 鳄梨, 牛油果 麦角硫因, 麦硫因 生物素, 维生素H, 维生素B7, 辅酶R 乙酰葡萄糖氨, 乙酰葡糖胺 咖啡因 卵燐脂, 卵磷脂, 磷脂酰胆硷 棕榈酰低聚肽, 棕榈酰寡肽 글리세릴폴리메타크릴레이트 聚硅氧烷-11 丙二醇二辛酸酯 醋酸盐维他命E, 醋酸生育酚酯, 生育酚醋酸酯, ... 蔗糖 海藻醣, 海藻糖 戊二醇, 1, 2-戊二醇 卡波莫, 卡波姆, 聚羧乙烯, 卡波树脂 向日葵, 太阳花 트로메타민 鞘氨醇, 植物鞘氨醇 脂溶性维他命C, 酯化C, 酯化维他命C, ... 胆甾醇 咯烷酮羧酸锌, PCA锌 己二醇 羟乙基纤维素 玻尿酸钠, 透明质酸钠, 玻璃酸钠 硫酸钾 柠檬酸 辛乙二醇, 辛甘醇, 1, 2-辛二醇 柠檬酸钠, 枸橼酸钠 联苯乙烯二苯基二磺酸二钠 乙二胺四乙基二钠, 乙酸乙二胺二钠 苯氧乙醇, 苯氧基乙醇, 二苯氧基乙醇 二氧化钛 "
Smart Night Custom-Repair Moisturizer - Very Dry to Dry,"水 甘油, 丙三醇 辛酸/癸酸/肉豆蔻酸/硬脂酸甘油三酯 矿脂, 凡士林 硬脂酸, 18酸, 十八酸, 己基癸醇硬脂酸酯 丁二醇, 1, 3-丁二醇 硅灵, 地美司康, 二甲基硅酮, 二甲硅油, ... 甘油醇26, 甘油聚醚-26 甘油硬脂酸, 硬脂酸甘油酯, 甘油硬脂酸酯 PEG-100 硬脂酸酯 棕榈醇, 鲸蜡硬脂醇 酸豆籽提取 百金花提取 藻提取 微球菌溶解物, 微球菌溶胞产物 大豆蛋白 水解大豆蛋白 酵母, 酵母菌胞溶产物, 酵母提取 茶叶 酵母菌发酵产物滤液 豨签提取 咖啡因 生物素, 维生素H, 维生素B7, 辅酶R 麦角硫因, 麦硫因 六胜肽, 六胜月太, 六元胜肽, 乙酰基六肽, ... 大豆氨基酸类 维他命C磷酸氨盐, 氨基丙醇抗坏血酸磷酸酯 木鲁星果棕籽脂 醋酸盐维他命E, 醋酸生育酚酯, 生育酚醋酸酯, ... 鲸蜡硬脂基葡糖苷 异十六烷 辛乙二醇, 辛甘醇, 1, 2-辛二醇 丙烯酸/C10-30烷基丙烯酸聚合物, ... 丙烯酰胺/丙烯酰基二甲基牛磺酸钠共聚物 己二醇 卵燐脂, 卵磷脂, 磷脂酰胆硷 苯甲酸钠, 安息香酸钠 羟乙基纤维素 乙二胺四乙基二钠, 乙酸乙二胺二钠 苯氧乙醇, 苯氧基乙醇, 二苯氧基乙醇 "
Take The Day Off Cleansing Oil,"鲸蜡硬脂醇辛酸酯, 辛酸十六酯, 鲸蜡辛酸, ... 三异辛酸甘油酯, 甘油三(乙基己酸)酯 PEG-20 甘油三异硬脂酸酯 聚异丁烯, 聚丁烯 PEG-8 二异硬脂酸酯 PEG-12 二异硬脂酸酯 PPG-15 硬脂基醚, PPG-15 硬脂醇醚 水 醋酸盐维他命E, 醋酸生育酚酯, 生育酚醋酸酯, ... 甘油, 丙三醇 洋甘菊, 罗马洋甘菊, 母菊, 白花春黄菊, ... 辛乙二醇, 辛甘醇, 1, 2-辛二醇 甘油月桂酸酯 二丁基羟基甲苯, 丁羟甲苯, 丁基羟基甲苯 "
Repairwear Anti-Gravity Eye Cream,"水 乳油木果脂, 雪亚脂, 乳木果, 乳油木, ... 棕榈醇, 鲸蜡硬脂醇 丁二醇, 1, 3-丁二醇 氢化聚异丁烯 苯基三甲基聚硅氧烷, 苯基聚三甲基硅氧烷 聚甘油-3 蜂蜡酸酯 聚异丁烯, 聚丁烯 蔗糖 聚甲基丙烯酸甲酯, 热塑性树脂 合成鲸蜡 异硬脂醇新戊酸酯 甘油, 丙三醇 鲸蜡硬脂基葡糖苷 豨签提取 茶叶提取 大麦 小麦 亚麻仁油酸, 亚麻油酸, 亚油酸 胆甾醇 咖啡因 棕榈酰低聚肽, 棕榈酰寡肽 角鲨烷 鞘氨醇, 植物鞘氨醇 玻尿酸钠, 透明质酸钠, 玻璃酸钠 硅灵, 地美司康, 二甲基硅酮, 二甲硅油, ... 辛乙二醇, 辛甘醇, 1, 2-辛二醇 聚乙二醇-8 甲基葡糖倍半硬脂酸酯 聚硅氧烷-11 글리세릴폴리메타크릴레이트 PEG-100 硬脂酸酯 醋酸盐维他命E, 醋酸生育酚酯, 生育酚醋酸酯, ... 硬脂酸, 18酸, 十八酸, 己基癸醇硬脂酸酯 1, 2-己二醇 丙烯酸/C10-30烷基丙烯酸聚合物, ... 去水醋酸钠, 脱氢乙酸钠 脂溶性维他命C, 酯化C, 酯化维他命C, ... 氨甲基丙醇 硫酸钾 苯氧乙醇, 苯氧基乙醇, 二苯氧基乙醇 乙二胺四乙基二钠, 乙酸乙二胺二钠 二氧化钛 云母 "
Redness Solutions Soothing Cleanser,"水 角鲨烷 甘油, 丙三醇 丁二醇, 1, 3-丁二醇 苯基三甲基聚硅氧烷, 苯基聚三甲基硅氧烷 丙烯酰二甲基牛磺酸铵/VP 共聚物 燕麦 小黄瓜, 胡瓜 大麦 蔗糖硬脂酸酯 柳珊瑚 胆甾醇 向日葵, 太阳花 德国洋甘菊 乙酰葡萄糖氨, 乙酰葡糖胺 PPG-20 甲基葡糖醚 咖啡因 丙二醇二癸酸酯 辛乙二醇, 辛甘醇, 1, 2-辛二醇 硬脂酸, 18酸, 十八酸, 己基癸醇硬脂酸酯 氯化钠, 食盐 乙二胺四乙基二钠, 乙酸乙二胺二钠 二丁基羟基甲苯, 丁羟甲苯, 丁基羟基甲苯 苯氧乙醇, 苯氧基乙醇, 二苯氧基乙醇 聚氨丙基双胍 FD&C 色料 黄色五号, 柠檬黄, 酒石黄 绿色色料 FD&C 色料 蓝色一号 "
All About Eyes Serum De-Puffing Eye Massage,"水 丁二醇, 1, 3-丁二醇 甘油, 丙三醇 咖啡因 维生素原B5, 维他命原B5, 泛醇 虎杖根提取 葡萄籽萃取 卷柏 迷迭香 蛇麻实, 啤酒花 石榴 柑橘, 红柑 酵母, 酵母菌胞溶产物, 酵母提取 生物糖胶-1, 生物糖 胶-1 亚麻酸 玻尿酸钠, 透明质酸钠, 玻璃酸钠 月桂醇聚醚-7 亚麻仁油酸, 亚麻油酸, 亚油酸 甘氨酸, 左旋甘氨酸, 糖胶, 氨基乙酸, ... 卡波莫, 卡波姆, 聚羧乙烯, 卡波树脂 环煳精 羟脯氨酸 丙烯酸酯聚合体, 丙烯酸(酯)类共聚物 C13-14 异烷烃, C13-14 异链烷烃 聚丙烯酰胺 辛乙二醇, 辛甘醇, 1, 2-辛二醇 脯氨酸 乙基双亚氨基甲基癒创木酚锰氯化物, ... 去甲二氢愈创木酸 黄原胶, 三仙胶, 山羊胶, 汉生胶 己二醇 乙二胺四乙基二钠, 乙酸乙二胺二钠 苯氧乙醇, 苯氧基乙醇, 二苯氧基乙醇 二氧化钛 云母 "
Repairwear Laser Focus Night Line Smoothing Cream for Very Dry to Dry Combination Skin,"水 季戊四醇四辛酸酯, 季戊四醇四（乙基己酸）酯 丁二醇, 1, 3-丁二醇 硬脂酸, 18酸, 十八酸, 己基癸醇硬脂酸酯 荷荷葩油, 荷荷巴油, 荷荷芭油, 霍霍巴油, ... 甘油硬脂酸, 硬脂酸甘油酯, 甘油硬脂酸酯 甘油, 丙三醇 PEG-100 硬脂酸酯 氢化卵磷脂, 氢化卵燐脂 棕榈醇, 鲸蜡硬脂醇 硅灵, 地美司康, 二甲基硅酮, 二甲硅油, ... 脂肪酸醇类, 山嵛醇 蓖麻油酸盐抗醇, 鲸蜡醇蓖麻油酸酯 线状阿司巴拉妥叶提取 茶叶提取 黄芩根提取 白桦树皮提取 积雪草提取 桑树, 桑白根, 白桑根, 桑白皮, 桑皮 DNA 钠盐, DNA钠 酵母菌溶胞物提取 木鲁星果棕籽脂 微球菌溶解物, 微球菌溶胞产物 虎杖根提取 水解大米提取 罗布斯塔咖啡树籽提取 小麦胚芽提取 粉团扇藻叶状体提取 迷迭香叶提取 豨签提取 大麦 藻提取 六胜肽, 六胜月太, 六元胜肽, 乙酰基六肽, ... 甜菜硷, 三甲基甘氨酸, 甜菜碱, 甜菜碱 肌酸 海藻醣, 海藻糖 咖啡因 胆甾醇 角鲨烷 精氨酸 脱羧肌肽 HCL 卤虫提取 磷酸腺苷 羟脯氨酸 β-还原辅酶I钠盐, B-还原辅酶I钠盐 硬脂酸乙基己酯 蔗糖 脯氨酸 鞘氨醇, 植物鞘氨醇 丙二醇二癸酸酯 棕榈酸异辛酯, 棕榈酸乙基己酯, 棕榈酸盐 月桂基二甲基铵羟丙基水解大豆蛋白 丙烯酸酯聚合体, 丙烯酸(酯)类共聚物 矿脂, 凡士林 辛乙二醇, 辛甘醇, 1, 2-辛二醇 山梨醣醇, 山梨糖醇, 山梨醇, 葡萄糖醇, ... 丙烯酰胺/丙烯酰基二甲基牛磺酸钠共聚物 RNA钠 鲸蜡硬脂基葡糖苷 异十六烷 丙烯酸/C10-30烷基丙烯酸聚合物, ... 亚麻仁油酸, 亚麻油酸, 亚油酸 醋酸盐维他命E, 醋酸生育酚酯, 生育酚醋酸酯, ... 트로메타민 디팔미토일하이드록시프롤린 玻尿酸钠, 透明质酸钠, 玻璃酸钠 酵母, 酵母菌胞溶产物, 酵母提取 聚山梨醇酯 80, 聚山梨醇酯-80 毛喉鞘蕊花, 髯毛鞘蕊花 大豆蛋白 卵燐脂, 卵磷脂, 磷脂酰胆硷 甘氨酸, 左旋甘氨酸, 糖胶, 氨基乙酸, ... 维他命C磷酸氨盐, 氨基丙醇抗坏血酸磷酸酯 卡波莫, 卡波姆, 聚羧乙烯, 卡波树脂 去甲二氢愈创木酸 抗坏血酸生育酚马来酸酯 黄原胶, 三仙胶, 山羊胶, 汉生胶 柠檬酸 己二醇 硫酸钾 山梨酸钾, 己二稀酸钾, 己二烯酸钾 乙二胺四乙基二钠, 乙酸乙二胺二钠 苯氧乙醇, 苯氧基乙醇, 二苯氧基乙醇 "
Broad Spectrum SPF 50 Sunscreen Face Cream,"水 二苯酮-3, 羟基苯酮 水杨酸-2-乙基己基酯, 水杨酸乙基己酯 甲基聚三甲基硅氧烷 甲基水杨醇, 胡莫柳酯 丁二醇, 1, 3-丁二醇 丁基辛醇水杨酸酯 新戊二醇二庚酸酯 帕索 1789, 丁基甲氧基二苯甲酰基甲烷 乳油木果脂, 雪亚脂, 乳木果, 乳油木, ... 欧托奎雷, 奥克立林 PEG-100 硬脂酸酯 硅石, 石英, 二氧化硅 三聚羧基硬脂酸二季戊四醇酯 月桂醇 PEG-9 聚二甲基硅氧乙基聚二甲基硅氧烷 硅灵, 地美司康, 二甲基硅酮, 二甲硅油, ... 甘油硬脂酸, 硬脂酸甘油酯, 甘油硬脂酸酯 月桂基二甲基铵羟丙基水解大豆蛋白 迷迭香 紫苏叶提取 浮游生物提取物, 浮游生物提取物 咖啡因 鲸蜡醇磷酸酯钾 蔗糖 苯乙烯/丙烯酸(酯)类共聚物 C30-38 烯烃/马来酸异丙酯/MA共聚物 鲸蜡醇, 棕榈醇, 十六醇, 16醇, ... "
Acne Solutions Acne + Line Correcting Serum,"水 硅灵, 地美司康, 二甲基硅酮, 二甲硅油, ... 丁二醇, 1, 3-丁二醇 ... 甲基聚三甲基硅氧烷 聚山梨醇酯 20, 吐温20, 聚山梨醇酯-20 비스-피이지-18메칠에텔디메칠실란 月桂醇 PEG-9 聚二甲基硅氧乙基聚二甲基硅氧烷 甘油, 丙三醇 甲基葡萄糖20环氧乙烷, 甲基葡糖醇聚醚-20 聚硅氧烷-11 月见草花提取 野大豆籽提取 豨签提取 欧丹参提取, 快乐鼠尾草提取 浮游生物提取物, 浮游生物提取物 糖昆布, 糖海带 六胜肽, 六胜月太, 六元胜肽, 乙酰基六肽, ... 乙酰葡萄糖氨, 乙酰葡糖胺 咖啡因 大豆蛋白 维他命C磷酸氨盐, 氨基丙醇抗坏血酸磷酸酯 胆甾醇 辛乙二醇, 辛甘醇, 1, 2-辛二醇 微球菌溶解物, 微球菌溶胞产物 棕榈酰六肽-12 卵燐脂, 卵磷脂, 磷脂酰胆硷 乳清蛋白 玻尿酸钠, 透明质酸钠, 玻璃酸钠 醋酸盐维他命E, 醋酸生育酚酯, 生育酚醋酸酯, ... 聚乙二醇-8 氢氧化钠 丙烯酰二甲基牛磺酸铵/VP 共聚物 黄原胶, 三仙胶, 山羊胶, 汉生胶 卡波莫, 卡波姆, 聚羧乙烯, 卡波树脂 글리세린 "
Clarifying Lotion 1,"水 丁二醇, 1, 3-丁二醇 生物糖胶-1, 生物糖 胶-1 小米 "
Repairwear Laser Focus Night Line Smoothing Cream for Combination Oily to Oily Skin,"水 甲基聚三甲基硅氧烷 变性酒精, 变性乙醇, SD 乙醇 40, ... 硅石, 石英, 二氧化硅 聚乙烯 甘油, 丙三醇 硅灵, 地美司康, 二甲基硅酮, 二甲硅油, ... 丁二醇, 1, 3-丁二醇 PEG-10 聚二甲基硅氧烷 氯化钠, 食盐 辛甲基聚硅氧烷, 辛基聚甲基硅氧烷 线状阿司巴拉妥叶提取 茶叶提取 黄芩根提取 白桦树皮提取 积雪草提取 桑树, 桑白根, 白桑根, 桑白皮, 桑皮 DNA 钠盐, DNA钠 酵母菌溶胞物提取 木鲁星果棕籽脂 微球菌溶解物, 微球菌溶胞产物 虎杖根提取 水解大米提取 罗布斯塔咖啡树籽提取 小麦胚芽提取 粉团扇藻叶状体提取 迷迭香叶提取 豨签提取 大麦 藻提取 甜菜硷, 三甲基甘氨酸, 甜菜碱, 甜菜碱 六胜肽, 六胜月太, 六元胜肽, 乙酰基六肽, ... 肌酸 海藻醣, 海藻糖 咖啡因 胆甾醇 角鲨烷 精氨酸 脱羧肌肽 HCL 卤虫提取 磷酸腺苷 羟脯氨酸 β-还原辅酶I钠盐, B-还原辅酶I钠盐 硬脂酸乙基己酯 蔗糖 脯氨酸 鞘氨醇, 植物鞘氨醇 丙二醇二癸酸酯 棕榈酸异辛酯, 棕榈酸乙基己酯, 棕榈酸盐 聚乙二醇-150 月桂基二甲基铵羟丙基水解大豆蛋白 丙烯酸酯聚合体, 丙烯酸(酯)类共聚物 月桂醇 PEG-9 聚二甲基硅氧乙基聚二甲基硅氧烷 荷荷葩酯, 霍霍巴酯, 荷荷芭酯, 霍霍巴酯类 辛乙二醇, 辛甘醇, 1, 2-辛二醇 山梨醣醇, 山梨糖醇, 山梨醇, 葡萄糖醇, ... RNA钠 亚麻仁油酸, 亚麻油酸, 亚油酸 醋酸盐维他命E, 醋酸生育酚酯, 生育酚醋酸酯, ... 双丙甘醇 디팔미토일하이드록시프롤린 玻尿酸钠, 透明质酸钠, 玻璃酸钠 酵母, 酵母菌胞溶产物, 酵母提取 毛喉鞘蕊花, 髯毛鞘蕊花 大豆蛋白 卵燐脂, 卵磷脂, 磷脂酰胆硷 甘氨酸, 左旋甘氨酸, 糖胶, 氨基乙酸, ... 卡波莫, 卡波姆, 聚羧乙烯, 卡波树脂 氢化卵磷脂, 氢化卵燐脂 脂溶性维他命C, 酯化C, 酯化维他命C, ... 去甲二氢愈创木酸 抗坏血酸生育酚马来酸酯 二硬脂基二甲基胺锂皂石, 二硬脂二甲铵锂蒙脱石 黄原胶, 三仙胶, 山羊胶, 汉生胶 柠檬酸 山梨酸钾, 己二稀酸钾, 己二烯酸钾 己二醇 硫酸钾 乙二胺四乙基二钠, 乙酸乙二胺二钠 苯氧乙醇, 苯氧基乙醇, 二苯氧基乙醇 "
Oil Control Mattifying Moisturizer,"纯水, 纯化水 葵花籽油, 葵花油, 向日葵籽油 植物甘油脂 甘油硬脂酸, 硬脂酸甘油酯, 甘油硬脂酸酯 辛酸/癸酸三酸甘油酯, 辛酸/癸酸甘油三酯, ... 库拉索芦荟叶汁 天冬氨酸镁 葡糖酸锌 葡糖酸铜 五环多肽, 五胜肽, 五胜月太, ... 鲸蜡醇, 棕榈醇, 十六醇, 16醇, ... 甘油月桂酸酯 生育醇, 生育酚, 维他命E, 维生素E, ... 茶叶提取 甜杏仁油, 甜扁桃油 油橄榄叶提取 薰衣草, 真正薰衣草 狭叶松果菊提取 尿囊素 维生素原B5, 维他命原B5, 泛醇 金盏花花提取 黄原胶, 三仙胶, 山羊胶, 汉生胶 德国洋甘菊 迷迭香 北非雪松树皮油 小黄瓜, 胡瓜 香叶天竺葵花油 乙基己基甘油 银杏叶提取 苯氧乙醇, 苯氧基乙醇, 二苯氧基乙醇 "
Moisture Surge Face Spray,"水 双丙甘醇 丁二醇, 1, 3-丁二醇 甘油, 丙三醇 吉拉索芦荟, 库拉索芦荟, 翠叶芦荟, 洋芦荟, ... 雷公根, 积雪草 酵母, 酵母菌胞溶产物, 酵母提取 咖啡因 洋甘菊, 罗马洋甘菊, 母菊, 白花春黄菊, ... 海藻醣, 海藻糖 醋酸盐维他命E, 醋酸生育酚酯, 生育酚醋酸酯, ... 蔗糖 山梨醣醇, 山梨糖醇, 山梨醇, 葡萄糖醇, ... 乙二胺四乙基二钠, 乙酸乙二胺二钠 山梨酸钾, 己二稀酸钾, 己二烯酸钾 氯苯甘醚 苯氧乙醇, 苯氧基乙醇, 二苯氧基乙醇 "
Acne Solutions Cleansing Face and Body Soap,"水杨酸, 柳酸, B柔肤酸 棕榈油酸钠 椰油酸钠 水 棕榈酸, 16酸, 十六酸 椰油酰胺丙基二甲胺 甘油硬脂酸, 硬脂酸甘油酯, 甘油硬脂酸酯 玉米淀粉, 改性玉米淀粉 水解玉米淀粉 甘油, 丙三醇 咖啡因 咯烷酮羧酸锌, PCA锌 PPG-26/二聚亚油酸酯共聚物 聚季铵盐 水解玉米淀粉辛烯基琥珀酸酯 氯化钠, 食盐 乙二氨四醋酸四钠, 乙二胺四乙酸四钠, ... 羟乙磷酸四钠 氯苯甘醚 二氧化钛 "
Repairwear Uplifting Firming Cream,"水 新戊二醇二庚酸酯 水解霍霍巴酯类, 水解霍霍巴酯 C12-20 酸 PEG-8酯, ... 甘油, 丙三醇 丁二醇, 1, 3-丁二醇 聚甲基丙烯酸甲酯, 热塑性树脂 鲸蜡醇, 棕榈醇, 十六醇, 16醇, ... PEG-100 硬脂酸酯 脂肪酸醇类, 山嵛醇 戊二醇, 1, 2-戊二醇 豨签提取 欧丹参提取, 快乐鼠尾草提取 积雪草提取 小球藻提取 迷迭香叶提取 印度没药树脂提取 掌状海带提取 乳清蛋白 德国洋甘菊 咖啡因 微球菌溶解物, 微球菌溶胞产物 六胜肽, 六胜月太, 六元胜肽, 乙酰基六肽, ... 大豆蛋白 麦角硫因, 麦硫因 卵燐脂, 卵磷脂, 磷脂酰胆硷 硅灵, 地美司康, 二甲基硅酮, 二甲硅油, ... 甘油硬脂酸, 硬脂酸甘油酯, 甘油硬脂酸酯 鲸蜡醇磷酸酯钾 醋酸盐维他命E, 醋酸生育酚酯, 生育酚醋酸酯, ... 植物醇, 植物甾醇类 辛乙二醇, 辛甘醇, 1, 2-辛二醇 辛酸/癸酸三酸甘油酯, 辛酸/癸酸甘油三酯, ... 巴西棕榈乳脂, 木鲁星果棕脂 丙烯酸/C10-30烷基丙烯酸聚合物, ... 黄原胶, 三仙胶, 山羊胶, 汉生胶 海藻醣, 海藻糖 玻尿酸钠, 透明质酸钠, 玻璃酸钠 脂溶性维他命C, 酯化C, 酯化维他命C, ... 卡波莫, 卡波姆, 聚羧乙烯, 卡波树脂 氢氧化钠 柠檬酸 乙二胺四乙基二钠, 乙酸乙二胺二钠 苯氧乙醇, 苯氧基乙醇, 二苯氧基乙醇 二氧化钛 云母 "
Moisturizing Lotion,"硅灵, 地美司康, 二甲基硅酮, 二甲硅油, ... 燕麦 苯甲醇 乳油木果脂, 雪亚脂, 乳木果, 乳油木, ... 鲸蜡醇, 棕榈醇, 十六醇, 16醇, ... 二硬脂基二甲基氯化铵 甘油, 丙三醇 十六酸异丙酯, 棕榈酸异丙酯, 棕榈油盐 矿脂, 凡士林 氯化钠, 食盐 硬脂醇聚醚-20, 硬脂醇聚氧乙烯醚(20) 水 "
Dramatically Different Moisturizing Cream,"水 甘油, 丙三醇 硅灵, 地美司康, 二甲基硅酮, 二甲硅油, ... 矿脂, 凡士林 十三烷醇硬脂酸酯 十三烷醇偏苯三酸酯 聚甘油-10 五硬脂酸酯 脂肪酸醇类, 山嵛醇 二聚季戊四醇六辛酸酯/六癸酸酯 黄瓜果提取 大麦 硬脂酰乳酰乳酸钠 辛乙二醇, 辛甘醇, 1, 2-辛二醇 丙二醇二癸酸酯 向日葵籽饼 PEG-100 硬脂酸酯 玻尿酸钠, 透明质酸钠, 玻璃酸钠 鲸蜡醇, 棕榈醇, 十六醇, 16醇, ... 丁二醇, 1, 3-丁二醇 트로메타민 卡波莫, 卡波姆, 聚羧乙烯, 卡波树脂 苯氧乙醇, 苯氧基乙醇, 二苯氧基乙醇 FD&C 色料 黄色五号, 柠檬黄, 酒石黄 FD&C 色料 黄色六号, 日落黄 D&C 色料 红色卅三号 "
Broad Spectrum SPF 21 Moisturizer,"二氧化钛 环戊硅氧烷, 聚硅氧化合物, 十甲基环五硅氧烷, ... PEG/PPG-18/18 聚二甲基硅氧烷 辛基十二烷醇新戊酸酯, 辛基十二醇新戊酸酯 甘油, 丙三醇 硅灵, 地美司康, 二甲基硅酮, 二甲硅油, ... 氢氧化铝 硬脂酸, 18酸, 十八酸, 己基癸醇硬脂酸酯 苯氧乙醇, 苯氧基乙醇, 二苯氧基乙醇 云母 氮化硼, 一氮化硼 去水醋酸钠, 脱氢乙酸钠 辛乙二醇, 辛甘醇, 1, 2-辛二醇 氯化钠, 食盐 植烷三醇 高岭土, 膨润土 维他命C磷酸镁盐, 维他命C磷酸镁, ... 棕榈酸, 16酸, 十六酸 煳精棕榈酸酯 玻尿酸钠, 透明质酸钠, 玻璃酸钠 己二醇 棕榈酸维他命A, 维他命A酯, 棕榈酸视黄酯, ... 醋酸盐维他命E, 醋酸生育酚酯, 生育酚醋酸酯, ... 生育醇, 生育酚, 维他命E, 维生素E, ... 脂溶性维他命C, 酯化C, 酯化维他命C, ... 聚甲基聚硅氧烷, 甲基氢聚硅烷, 聚甲基硅氧烷 丁二醇, 1, 3-丁二醇 三乙氧基辛基硅烷 磷硅酸钠钙 甘蔗提取 苹果果提取 香橼果提取 甜橙果提取 油茶叶提取 人参根提取 银杏叶提取 白花春黄菊花提取 氧化铁 "
Foaming Sonic Facial Soap,"水 十四烷脂肪酸, 肉豆蔻酸, 十四酸 甘油, 丙三醇 山嵛酸 甲椰酰基牛磺酸钠, 甲基椰油酰基牛磺酸钠 氢氧化钾 棕榈酸, 16酸, 十六酸 月桂酸, 12酸, 十二酸 硬脂酸, 18酸, 十八酸, 己基癸醇硬脂酸酯 咖啡因 丁二醇, 1, 3-丁二醇 蔗糖 咯烷酮羧酸钠, 钠羟基皮酪烷酮, PCA 钠 玻尿酸钠, 透明质酸钠, 玻璃酸钠 海藻醣, 海藻糖 PEG-3 二硬脂酸酯 尿素, 碳酰二胺 聚季铵盐-51 EDTA-三钠 乙二胺四乙基二钠, 乙酸乙二胺二钠 苯氧乙醇, 苯氧基乙醇, 二苯氧基乙醇 "
Clarifying Lotion 4,"金缕梅, 金镂梅, 北美金缕梅 变性酒精, 变性乙醇, SD 乙醇 40, ... 水 水杨酸, 柳酸, B柔肤酸 丁二醇, 1, 3-丁二醇 乙二胺四乙基二钠, 乙酸乙二胺二钠 铜粉 苯扎氯铵, 氯化苯二甲羟铵 "
Even Better Skin Tone Correcting Lotion Broad Spectrum SPF 20,"水杨酸盐 帕索 1789, 丁基甲氧基二苯甲酰基甲烷 欧托奎雷, 奥克立林 水 硅灵, 地美司康, 二甲基硅酮, 二甲硅油, ... 酵母, 酵母菌胞溶产物, 酵母提取 丁基辛醇水杨酸酯 PEG-100 硬脂酸酯 三硅氧烷 丁二醇, 1, 3-丁二醇 HDI/三羟甲基己内酯交联聚合物, ... 维他命C配糖体, 维生素C醣甘, 维他命C醣甘, ... 椰油醇辛酸酯/癸酸酯, 椰油醇-辛酸酯/癸酸酯 聚乙烯 甘油硬脂酸, 硬脂酸甘油酯, 甘油硬脂酸酯 聚乙二醇-6 甘油, 丙三醇 油橄榄果提取 葡萄柚, 柚子, 柚 小麦 糖海带提取 杂色栓菌提取 小黄瓜, 胡瓜 苹果粹取物 黄芩根提取 石榴果汁 稻, 米 水杨酸, 柳酸, B柔肤酸 咖啡因 亚麻仁油酸, 亚麻油酸, 亚油酸 胆甾醇 乙酰葡萄糖氨, 乙酰葡糖胺 RNA钠 甘草酸钾, 甘草酸二钾盐, 甘草酸二钾 硬脂醇聚醚-21 蔗糖 트로메타민 二 C12-18 烷基二甲基氯化铵 玻尿酸钠, 透明质酸钠, 玻璃酸钠 鲸蜡醇, 棕榈醇, 十六醇, 16醇, ... 丙烯酰二甲基牛磺酸铵/VP 共聚物 月桂醇 PEG-9 聚二甲基硅氧乙基聚二甲基硅氧烷 辛乙二醇, 辛甘醇, 1, 2-辛二醇 聚二甲基硅氧烷醇 海藻醣, 海藻糖 醋酸盐维他命E, 醋酸生育酚酯, 生育酚醋酸酯, ... 己二醇 硅石, 石英, 二氧化硅 氢氧化钠 黄原胶, 三仙胶, 山羊胶, 汉生胶 乙二胺四乙基二钠, 乙酸乙二胺二钠 苯氧乙醇, 苯氧基乙醇, 二苯氧基乙醇 "
Smart Broad Spectrum SPF 15 Custom-Repair Moisturizer for Very Dry to Dry Skin,"水杨酸盐 水 丁基辛醇水杨酸酯 聚酯-8 棕榈醇, 鲸蜡硬脂醇 甘油硬脂酸, 硬脂酸甘油酯, 甘油硬脂酸酯 슈크로오스폴리스테아레이트 尼龙-12, 锦纶-12 茶叶提取 生物素, 维生素H, 维生素B7, 辅酶R 豨签提取 百金花提取 藻提取 酸豆籽提取 乳清蛋白 大豆蛋白 麦角硫因, 麦硫因 六胜肽, 六胜月太, 六元胜肽, 乙酰基六肽, ... 酵母菌发酵产物滤液 浮游生物提取物, 浮游生物提取物 氢化聚异丁烯 乙酰葡萄糖氨, 乙酰葡糖胺 咖啡因 维他命C磷酸氨盐, 氨基丙醇抗坏血酸磷酸酯 辛乙二醇, 辛甘醇, 1, 2-辛二醇 醋酸盐维他命E, 醋酸生育酚酯, 生育酚醋酸酯, ... 卵燐脂, 卵磷脂, 磷脂酰胆硷 玻尿酸钠, 透明质酸钠, 玻璃酸钠 丙烯酰二甲基牛磺酸铵/VP 共聚物 季戊四醇四（双-t-丁基羟基氢化肉桂酸）酯 聚硅氧烷-11 山梨酸钾, 己二稀酸钾, 己二烯酸钾 苯甲酸钠, 安息香酸钠 羟乙基纤维素 柠檬酸 黄原胶, 三仙胶, 山羊胶, 汉生胶 FD&C 色料 红色四号 "
Smart Night Custom-Repair Moisturizer -Combination Oily to Oily,"水 异十六烷 甘油, 丙三醇 비스-피이지-18메칠에텔디메칠실란 戊二醇, 1, 2-戊二醇 二硬脂基二甲基胺锂皂石, 二硬脂二甲铵锂蒙脱石 糖海带提取 酸豆籽提取 生物素, 维生素H, 维生素B7, 辅酶R 麦角硫因, 麦硫因 百金花提取 咖啡因 大豆蛋白 水解大豆蛋白 藻提取 酵母菌发酵产物滤液 六胜肽, 六胜月太, 六元胜肽, 乙酰基六肽, ... 微球菌溶解物, 微球菌溶胞产物 卵燐脂, 卵磷脂, 磷脂酰胆硷 大豆氨基酸类 茶叶提取 木鲁星果棕籽脂 乙酰葡萄糖氨, 乙酰葡糖胺 聚硅氧烷-11 碳酸丙烯酯, 丙烯碳酸盐, 碳酸丙二醇酯 异构十二烷, 异十二烷 玻尿酸钠, 透明质酸钠, 玻璃酸钠 苯甲酸钠, 安息香酸钠 聚乙烯 维他命C磷酸氨盐, 氨基丙醇抗坏血酸磷酸酯 羟乙基纤维素 柠檬酸钠, 枸橼酸钠 乙二胺四乙基二钠, 乙酸乙二胺二钠 苯氧乙醇, 苯氧基乙醇, 二苯氧基乙醇 "
Exfoliating Tonic,"水 水杨酸, 柳酸, B柔肤酸 金缕梅, 金镂梅, 北美金缕梅 丁二醇, 1, 3-丁二醇 柠檬酸 氢氧化钠 乙二胺四乙基二钠, 乙酸乙二胺二钠 苯氧乙醇, 苯氧基乙醇, 二苯氧基乙醇 二苯酮-4 橘子, 甜橙, 广西沙柑 FD&C 色料 黄色五号, 柠檬黄, 酒石黄 "
Pore Refining Solutions Stay-Matte Hydrator,"硅灵, 地美司康, 二甲基硅酮, 二甲硅油, ... 甘油, 丙三醇 变性酒精, 变性乙醇, SD 乙醇 40, ... 聚甲基丙烯酸甲酯, 热塑性树脂 硅石, 石英, 二氧化硅 丁二醇, 1, 3-丁二醇 三硅氧烷 氢化聚异丁烯 氢化卵磷脂, 氢化卵燐脂 豨签提取 小麦 大麦提取 糖海带提取 胆甾醇 角鲨烷 二乙基己基琥珀酸酯, 琥珀酸二乙基己酯 乙酰葡萄糖氨, 乙酰葡糖胺 聚十二烷酰胺三嗪二苯乙烯磺酸铵 乙烯/甲基丙烯酸共聚物 磷脂质, 磷脂 醋酸盐维他命E, 醋酸生育酚酯, 生育酚醋酸酯, ... 三异硬脂酸异丙氧钛酯, 三异硬脂酸异丙氧钛盐 辛乙二醇, 辛甘醇, 1, 2-辛二醇 聚乙烯醇交联聚合物 卡波姆钠 丙烯酰二甲基牛磺酸铵/VP 共聚物 苯氧乙醇, 苯氧基乙醇, 二苯氧基乙醇 云母 二氧化钛 "
Repairwear Uplifting Firming Cream Broad Spectrum SPF 15,"桂皮酸盐, 4-甲氧基肉桂酸-2-乙基己基酯, ... 水杨酸盐 二氧化钛 水 新戊二醇二庚酸酯 甘油, 丙三醇 矿脂, 凡士林 辛基十二烷醇新戊酸酯, 辛基十二醇新戊酸酯 二-C12-15 烷醇富马酸酯, ... 硅灵, 地美司康, 二甲基硅酮, 二甲硅油, ... 丁二醇, 1, 3-丁二醇 氢化聚异丁烯 硬脂酸, 18酸, 十八酸, 己基癸醇硬脂酸酯 豨签提取 乳清蛋白 小球藻提取 荔枝籽提取 掌状海带提取 浮游生物提取物, 浮游生物提取物 六胜肽, 六胜月太, 六元胜肽, 乙酰基六肽, ... 卵燐脂, 卵磷脂, 磷脂酰胆硷 戊二醇, 1, 2-戊二醇 甘油硬脂酸, 硬脂酸甘油酯, 甘油硬脂酸酯 山梨醣醇, 山梨糖醇, 山梨醇, 葡萄糖醇, ... 玻尿酸钠, 透明质酸钠, 玻璃酸钠 聚甲基聚硅氧烷, 甲基氢聚硅烷, 聚甲基硅氧烷 醋酸盐维他命E, 醋酸生育酚酯, 生育酚醋酸酯, ... PEG-100 硬脂酸酯 季戊四醇四辛酸酯, 季戊四醇四（乙基己酸）酯 C12-16 醇类, C12-16 醇 辛酸/癸酸三酸甘油酯, 辛酸/癸酸甘油三酯, ... 聚硅氧烷-11 煳精 棕榈酸, 16酸, 十六酸 脂溶性维他命C, 酯化C, 酯化维他命C, ... 己二醇 黄原胶, 三仙胶, 山羊胶, 汉生胶 矾土 丙烯酰二甲基牛磺酸铵/VP 共聚物 乙二胺四乙基二钠, 乙酸乙二胺二钠 山梨酸钾, 己二稀酸钾, 己二烯酸钾 苯氧乙醇, 苯氧基乙醇, 二苯氧基乙醇 FD&C 色料 红色四号 FD&C 色料 黄色五号, 柠檬黄, 酒石黄 "
Repairwear Sculpting Night Cream,"乙酰基肉碱 硫酸钾 六胜肽, 六胜月太, 六元胜肽, 乙酰基六肽, ... 変性アルコール PEG-10 聚二甲基硅氧烷 柠檬酸钠, 枸橼酸钠 亚麻仁油酸, 亚麻油酸, 亚油酸 积雪草提取 酵母菌溶胞物提取 玻尿酸钠, 透明质酸钠, 玻璃酸钠 毛喉鞘蕊花, 髯毛鞘蕊花 硅灵, 地美司康, 二甲基硅酮, 二甲硅油, ... 聚季铵盐-51 丙二醇二辛酸酯 丙二醇二辛酸酯 丙二醇二辛酸酯 植烷三醇 白桦树皮提取 글리세린 柳珊瑚 肌酸 虎杖提取 磷酸腺苷 六偏磷酸钠 茶叶提取 豨签提取 环戊硅氧烷, 聚硅氧化合物, 十甲基环五硅氧烷, ... 柠檬酸 酪梨油, 酪梨, 鳄梨, 牛油果 "
Pore Refining Solutions Correcting Serum,"硅灵, 地美司康, 二甲基硅酮, 二甲硅油, ... 水 聚硅氧烷-11 变性酒精, 变性乙醇, SD 乙醇 40, ... 乙酰葡萄糖氨, 乙酰葡糖胺 PEG-10 聚二甲基硅氧烷 丁二醇, 1, 3-丁二醇 迷迭香 豨签提取 糖海带提取 泛硫乙胺 水解大豆蛋白 聚乙二醇-11 甲基乙醚二甲硅油, ... 藻提取 醋酸盐维他命E, 醋酸生育酚酯, 生育酚醋酸酯, ... 甘油, 丙三醇 卵燐脂, 卵磷脂, 磷脂酰胆硷 二 C12-18 烷基二甲基氯化铵 聚山梨醇酯 80, 聚山梨醇酯-80 氢化卵磷脂, 氢化卵燐脂 聚甲基丙烯酸甲酯, 热塑性树脂 粉团扇藻叶状体提取 去甲二氢愈创木酸 丙烯酰二甲基牛磺酸铵/VP 共聚物 丙烯酰胺/丙烯酰基二甲基牛磺酸钠共聚物 硅石, 石英, 二氧化硅 柠檬酸 己二醇 氢氧化钠 乙二胺四乙基二钠, 乙酸乙二胺二钠 苯氧乙醇, 苯氧基乙醇, 二苯氧基乙醇 二氧化钛 氧化铁 云母 "
Broad Spectrum SPF 30 Mineral Sunscreen Lotion for Body,"二氧化钛 氧化锌 硅灵, 地美司康, 二甲基硅酮, 二甲硅油, ... 辛甲基聚硅氧烷, 辛基聚甲基硅氧烷 丁基辛醇水杨酸酯 新戊二醇二庚酸酯 丁二醇, 1, 3-丁二醇 二乙基己基琥珀酸酯, 琥珀酸二乙基己酯 三聚羧基硬脂酸二季戊四醇酯 C12-15 烷醇苯甲酸酯, ... 三甲基硅烷氧基硅酸酯 羟基磷灰石 鲸蜡基聚乙醇/聚丙二醇-10/1聚二甲基硅氧烷, ... 甲基聚三甲基硅氧烷 水解小麦蛋白/PVP 交联聚合物 甲硅烷基化聚二甲基硅氧烷 季铵盐-90 膨润土 氯化钠, 食盐 三乙氧基辛基硅烷 聚二甲基硅氧烷共聚物, 聚二甲基硅氧烷交联聚合物, ... 异硬脂酸, 异十八酸 聚羟基硬脂酸 碳酸丙烯酯, 丙烯碳酸盐, 碳酸丙二醇酯 柠檬酸钠, 枸橼酸钠 乙二胺四乙基二钠, 乙酸乙二胺二钠 苯氧乙醇, 苯氧基乙醇, 二苯氧基乙醇 氧化铁 "
Repairwear Laser Focus Line Smoothing Cream Broad Spectrum SPF 15 for Combination Oily to Oily Skin,"苯氧乙醇, 苯氧基乙醇, 二苯氧基乙醇 脯氨酸 氢化卵磷脂, 氢化卵燐脂 PEG-100 硬脂酸酯 虎杖根提取 β-还原辅酶I钠盐, B-还原辅酶I钠盐 丁二醇, 1, 3-丁二醇 丙烯酸酯聚合体, 丙烯酸(酯)类共聚物 鲸蜡醇, 棕榈醇, 十六醇, 16醇, ... 粉团扇藻叶状体提取 戊二醇, 1, 2-戊二醇 辛乙二醇, 辛甘醇, 1, 2-辛二醇 脂肪酸醇类, 山嵛醇 豨签提取 亚麻仁油酸, 亚麻油酸, 亚油酸 白桦树皮提取 羟脯氨酸 二氧化钛 甘油, 丙三醇 己二醇 磷酸腺苷 辛基十二烷醇新戊酸酯, 辛基十二醇新戊酸酯 脱羧肌肽 HCL 海藻醣, 海藻糖 胆甾醇 酵母菌溶胞物提取 卡波莫, 卡波姆, 聚羧乙烯, 卡波树脂 小麦麸提取 黄原胶, 三仙胶, 山羊胶, 汉生胶 山梨醣醇, 山梨糖醇, 山梨醇, 葡萄糖醇, ... 玻尿酸钠, 透明质酸钠, 玻璃酸钠 聚甲基聚硅氧烷, 甲基氢聚硅烷, 聚甲基硅氧烷 DNA 钠盐, DNA钠 维他命C磷酸氨盐, 氨基丙醇抗坏血酸磷酸酯 山梨酸钾, 己二稀酸钾, 己二烯酸钾 木鲁星果棕籽脂 棕榈酸异辛酯, 棕榈酸乙基己酯, 棕榈酸盐 硫酸钾 藻提取 氢氧化铝 聚乙烯 甘油硬脂酸, 硬脂酸甘油酯, 甘油硬脂酸酯 甘氨酸, 左旋甘氨酸, 糖胶, 氨基乙酸, ... 鲸蜡硬脂醇辛酸酯, 辛酸十六酯, 鲸蜡辛酸, ... 油橄榄果提取 肌酸 RNA钠 罗布斯塔咖啡树籽提取 "
AGE Bright Spot Fader,"丁二醇, 1, 3-丁二醇 月桂酰肌氨酸异丙酯 菸硷胺, 菸酰胺, 烟酰胺, 菸硷酰酸 1, 3-丙二醇 水杨酸, 柳酸, B柔肤酸 辛甲基聚硅氧烷, 辛基聚甲基硅氧烷 甘油醇26, 甘油聚醚-26 异构寡糖, 糖类同分异构体 欧丹参油 苹果酸 香橼果皮油 迷迭香叶油 杂薰衣草油 菌类植物胶, 小核菌胶 角叉菜酸钠, 角叉菜胶钠 麝香草酚, 百里酚 萜品醇 卵燐脂, 卵磷脂, 磷脂酰胆硷 甘油, 丙三醇 异山梨醇二甲醚, 异山梨醇酐二甲醚 ... 柠檬酸钠, 枸橼酸钠 乙基己基甘油 谷氨酸二乙酸四钠 硅石, 石英, 二氧化硅 海盐 山梨酸钾, 己二稀酸钾, 己二烯酸钾 氢氧化钠 柠檬酸 安息香酸, 苯甲酸 柠檬油精, 柑橘皮粹取, 苎烯 芳樟醇, 沈香醇 苯氧乙醇, 苯氧基乙醇, 二苯氧基乙醇 "
Capture Totale Multi-Perfection Creme,"水 甘油, 丙三醇 丁二醇, 1, 3-丁二醇 棕榈醇, 鲸蜡硬脂醇 辛酸/癸酸三酸甘油酯, 辛酸/癸酸甘油三酯, ... 乙醇, 酒精 甘油硬脂酸, 硬脂酸甘油酯, 甘油硬脂酸酯 硬脂醇聚醚-21 氢化椰油甘油混合酯, 氢化椰油甘油酯类 香料, 香水, 香精, 香味 硅灵, 地美司康, 二甲基硅酮, 二甲硅油, ... 水解大豆面粉 苯甲酸甲脂, 对羟基苯甲酸甲酯, 羟苯甲酯, ... 癸基噁唑烷酮 山梨醣醇, 山梨糖醇, 山梨醇, 葡萄糖醇, ... 椰油脂酸甘油酯类, 椰油酸甘油酯类 醋酸盐维他命E, 醋酸生育酚酯, 生育酚醋酸酯, ... 트로메타민 藻胶, 藻酸钠, 水解藻胶 泛酰巯基乙胺磺酸钙 苯氧乙醇, 苯氧基乙醇, 二苯氧基乙醇 丁酯, 对羟基苯甲酸丁酯, 羟苯丁酯, ... 锦葵, 欧锦葵 聚乙烯醇 氯己定二葡糖酸盐, 洗必泰葡萄糖酸 天冬氨酸镁 玻尿酸钠, 透明质酸钠, 玻璃酸钠 水解大豆蛋白 丁苯基甲基丙醛 对羟基苯甲酸异丁酯, 异对羟基苯甲酸丁酯, ... 白芍药根, 牡丹切花 月见草花/叶/茎提取 浮游生物提取物, 浮游生物提取物 五环多肽, 五胜肽, 五胜月太, ... 羧甲基纤维素, 纤维素胶, 酶水解纤维素胶, ... 狭叶豆蔻籽提取 聚山梨醇酯 20, 吐温20, 聚山梨醇酯-20 香茅醇 香叶醇 芳樟醇, 沈香醇 芦米亮白, 二乙酰基波尔定碱 FD&C 色料 红色四号 生育醇, 生育酚, 维他命E, 维生素E, ... "
Sun Drops SPF 50,"水 桂皮酸盐, 4-甲氧基肉桂酸-2-乙基己基酯, ... 丁二醇, 1, 3-丁二醇 三乙醇胺 菸硷胺, 菸酰胺, 烟酰胺, 菸硷酰酸 二乙基氨基羟基苯甲酰苯甲酸己酯, ... 欧托奎雷, 奥克立林 甘油, 丙三醇 新戊二醇二庚酸酯 十八烷醇, 十八醇, 硬脂醇 帕索 1789, 丁基甲氧基二苯甲酰基甲烷 甘油硬脂酸, 硬脂酸甘油酯, 甘油硬脂酸酯 PEG-100 硬脂酸酯 聚甲基丙烯酸甲酯, 热塑性树脂 氢化卵磷脂, 氢化卵燐脂 苯氧乙醇, 苯氧基乙醇, 二苯氧基乙醇 辛乙二醇, 辛甘醇, 1, 2-辛二醇 氯苯甘醚 丙烯酸/C10-30烷基丙烯酸聚合物, ... 翼籽辣木籽提取 乙二胺四乙基二钠, 乙酸乙二胺二钠 西瓜果提取 西瓜果提取 库拉索芦荟叶提取 马齿苋提取 高山火绒草提取 苯甲酸钠, 安息香酸钠 山梨酸钾, 己二稀酸钾, 己二烯酸钾 香料, 香水, 香精, 香味 "
pores no more® Pore Purifying Cleanser,"C12-14 链烷醇聚醚-1 磺基琥珀酸酯二钠 烷基酰胺甜菜硷, 椰油酰胺丙基甜菜碱 月桂醇磺基乙酸酯钠盐, 月桂醇磺基乙酸酯钠 硫酸钠 氯化钠, 食盐 乙二醇硬脂酸酯 羟丙基瓜儿胶 聚乙二醇-6 辛酸/癸酸甘油酯类, ... 月桂醇聚醚-10 柠檬酸 乙二胺四乙基二钠, 乙酸乙二胺二钠 甘油, 丙三醇 硬脂酰胺 AMP 乙酸芳樟酯 水杨酸, 柳酸, B柔肤酸 白柳树皮提取 斑点老鹳草提取 "
Hyaluronic Marine Hydration Booster,"月见草花/叶/茎提取 水 甘油, 丙三醇 亚麻仁油酸, 亚麻油酸, 亚油酸 积雪草提取 黄瓜果提取 分子酊 6 II, 神经酰胺 6 II, ... 分子酊 6 II, 神经酰胺 6 II, ... 神经酰胺 9 西瓜果提取 水解胶原蛋白, 水解胶原, 水解动物蛋白 茶叶提取 乳酸 母菊花萃取, 德国洋甘菊花萃取 野大豆提取 醋酸盐维他命E, 醋酸生育酚酯, 生育酚醋酸酯, ... 生育醇, 生育酚, 维他命E, 维生素E, ... 康復力精, 紫草, 康富利, 块根紫芹, ... 椰子果汁, 椰子汁 四肽-21 吡咯烷酮羧酸铜, PCA 铜盐 咯烷酮羧酸钠, 钠羟基皮酪烷酮, PCA 钠 甜没药, 没药醇, 比萨波醇, 红没药醇, ... 丙烯酸(酯)类/氨基甲酸酯共聚物 C13-14 异烷烃, C13-14 异链烷烃 鞘氨醇, 植物鞘氨醇 月桂醇聚醚-7 辛基酚聚醚-9 甘油油酸酯, 甘油油酸酯; 异硬脂醇聚醚-200 亚油酸酯 卡波莫, 卡波姆, 聚羧乙烯, 卡波树脂 胆甾醇 聚丙烯酰胺 黄原胶, 三仙胶, 山羊胶, 汉生胶 二甲基甲硅烷基化硅石 二丁基羟基甲苯, 丁羟甲苯, 丁基羟基甲苯 柠檬酸 柠檬酸钠, 枸橼酸钠 山梨酸钾, 己二稀酸钾, 己二烯酸钾 苯甲酸钠, 安息香酸钠 水杨酸苄酯 芳樟醇, 沈香醇 香料, 香水, 香精, 香味 "
Dark Spot Sun Defense Broad Spectrum SPF 50,"丙烯酸(酯)类/氨基甲酸酯共聚物 氢氧化铝 维他命C配糖体, 维生素C醣甘, 维他命C醣甘, ... 苯甲醇 黄细心根提取 丁二醇, 1, 3-丁二醇 C12-15 烷醇苯甲酸酯, ... 辛乙二醇, 辛甘醇, 1, 2-辛二醇 卡波莫, 卡波姆, 聚羧乙烯, 卡波树脂 红花油, 红花籽油 柠檬酸 橘子, 甜橙, 广西沙柑 甜橙果皮提取 椰油醇辛酸酯/癸酸酯, 椰油醇-辛酸酯/癸酸酯 车前叶蓝蓟籽油 甘油, 丙三醇 甘醇酸, 羟基乙酸 氢化卵磷脂, 氢化卵燐脂 丙烯酸羟乙酯/丙烯酰二甲基牛磺酸钠共聚物 羟丙基环煳精 三异硬脂酸异丙氧钛酯, 三异硬脂酸异丙氧钛盐 褪黑激素, 脑白金 橄榄油, 橄榄果油, 油橄榄果壳油 齐墩果酸, 石竹素 稻提取 棕榈酰三肽-38 苯氧乙醇, 苯氧基乙醇, 二苯氧基乙醇 磷脂质, 磷脂 聚羟基硬脂酸 聚山梨醇酯 60, 聚山梨醇酯-60 山梨酸钾, 己二稀酸钾, 己二烯酸钾 1, 3-丙二醇 异构寡糖, 糖类同分异构体 苯甲酸钠, 安息香酸钠 玻尿酸钠, 透明质酸钠, 玻璃酸钠 咯烷酮羧酸钠, 钠羟基皮酪烷酮, PCA 钠 神经鞘脂类, (神经)鞘脂类 脂溶性维他命C, 酯化C, 酯化维他命C, ... 水 黄原胶, 三仙胶, 山羊胶, 汉生胶 "
All-In-One Cleanser With Toner,"椰油酰胺丙基羟基磺基甜菜碱 硬脂酸, 18酸, 十八酸, 己基癸醇硬脂酸酯 甘油, 丙三醇 金缕梅, 金镂梅, 北美金缕梅 辛乙二醇, 辛甘醇, 1, 2-辛二醇 荷荷葩油, 荷荷巴油, 荷荷芭油, 霍霍巴油, ... 玻尿酸钠, 透明质酸钠, 玻璃酸钠 醋酸盐维他命E, 醋酸生育酚酯, 生育酚醋酸酯, ... 磷脂质, 磷脂 蛋白核小球藻提取 棕榈酸维他命A, 维他命A酯, 棕榈酸视黄酯, ... 德国洋甘菊 葵花籽油, 葵花油, 向日葵籽油 掌状海带提取 月桂酰燕麦氨基酸钠 椰油基-葡糖苷 椰油醇 柠檬酸 蔬食埃塔棕果提取 聚甘油-2 二聚羟基硬脂酸酯 月桂基葡糖苷 甲椰酰基牛磺酸钠, 甲基椰油酰基牛磺酸钠 乙醇, 酒精 氢氧化钠 聚山梨醇酯 60, 聚山梨醇酯-60 丙烯酸/C10-30烷基丙烯酸聚合物, ... 棕榈醇, 鲸蜡硬脂醇 苯氧乙醇, 苯氧基乙醇, 二苯氧基乙醇 臙脂树, 胭脂树橙 绿色色料, 铜叶绿素钠 "
Sheer Mineral Sun Spray SPF 50,"白藜芦醇 硅灵, 地美司康, 二甲基硅酮, 二甲硅油, ... 茶叶 氧化锌 新戊二醇二庚酸酯 醋酸盐维他命E, 醋酸生育酚酯, 生育酚醋酸酯, ... 聚羟基硬脂酸 辅脢Q10, 辅酶Q10, 泛醌 抗坏血酸棕榈酸酯, 维他命C棕榈酸酯 环戊硅氧烷, 聚硅氧化合物, 十甲基环五硅氧烷, ... 苯氧乙醇, 苯氧基乙醇, 二苯氧基乙醇 "
Clinical Concentrate Radiance Booster ,"小丝兰根提取 辛酸/癸酸三酸甘油酯, 辛酸/癸酸甘油三酯, ... 聚丙烯酰胺 水解胶原蛋白, 水解胶原, 水解动物蛋白 积雪草提取 五羟黄酮辛酸酯 酒石酸 白藜芦醇 黄瓜果提取 西瓜果提取 A醇, 视黄醇, 维生素A醇, 维他命A醇 水杨酸, 柳酸, B柔肤酸 二甲基甲硅烷基化硅石 茶叶提取 神经酰胺 2 康復力精, 紫草, 康富利, 块根紫芹, ... 野大豆提取 水解大豆蛋白 白柳树皮提取 玻尿酸钠, 透明质酸钠, 玻璃酸钠 阿魏酸 摩洛哥坚果油, 刺阿干树仁油 甘醇酸, 羟基乙酸 乳酸 没药油 吡咯烷酮羧酸铜, PCA 铜盐 咯烷酮羧酸钠, 钠羟基皮酪烷酮, PCA 钠 扁桃酸, 杏仁酸 北美金缕梅提取 丙烯酸(酯)类/氨基甲酸酯共聚物 丁二醇, 1, 3-丁二醇 咯烷酮羧酸锌, PCA锌 月桂醇聚醚-7 聚山梨醇酯 20, 吐温20, 聚山梨醇酯-20 辛基酚聚醚-9 苯氧乙醇, 苯氧基乙醇, 二苯氧基乙醇 香料, 香水, 香精, 香味 "
Color Smart Cleanser & Mask,"二氧化钛 突厥蔷薇提取 异戊二醇 硬脂酰乳酰乳酸钠 积雪草提取 柠檬酸 二乙醇二硬脂酸, 乙二醇二硬脂酸酯, ... 茶叶提取 乙基纤维素 硬脂酸, 18酸, 十八酸, 己基癸醇硬脂酸酯 氧化铁 甲椰酰基牛磺酸钠, 甲基椰油酰基牛磺酸钠 香根鸢尾根提取 玻尿酸钠, 透明质酸钠, 玻璃酸钠 苯氧乙醇, 苯氧基乙醇, 二苯氧基乙醇 棕榈酸, 16酸, 十六酸 棕榈酸维他命A, 维他命A酯, 棕榈酸视黄酯, ... 3-O-乙基抗坏血酸醚, 乙基抗坏血酸, ... 甜橙果皮提取 麦芽糖煳精, 麦芽煳精 甘油, 丙三醇 藻提取 聚甲基丙烯酸甲酯, 热塑性树脂 高岭土, 膨润土 木瓜蛋白脢, 木瓜酵素, 木瓜蛋白酶 橘子, 甜橙, 广西沙柑 脂溶性维他命C, 酯化C, 酯化维他命C, ... 十四烷脂肪酸, 肉豆蔻酸, 十四酸 云母 蔗糖 月桂酸, 12酸, 十二酸 甘醇酸, 羟基乙酸 维他命C磷酸钠盐, 抗坏血酸磷酸酯钠 "
Double Mousse Gentle Cleansing Foam,"水 甘油, 丙三醇 椰油酰（两性）基二乙酸二钠, ... 椰油基-甜菜碱 氯化钠, 食盐 甲椰酰基牛磺酸钠, 甲基椰油酰基牛磺酸钠 欧洲越桔果提取 糖槭提取 甜橙果提取 香橼果提取 积雪草提取 甘蔗提取 光果甘草根提取 母菊花萃取, 德国洋甘菊花萃取 茶叶提取 迷迭香叶提取 维生素原B5, 维他命原B5, 泛醇 丁二醇, 1, 3-丁二醇 聚季铵盐-7 苯氧乙醇, 苯氧基乙醇, 二苯氧基乙醇 香料, 香水, 香精, 香味 柠檬油精, 柑橘皮粹取, 苎烯 芳樟醇, 沈香醇 柠檬醛 FD&C 色料 蓝色一号 "
Hydraphel Skin Supplement Lotion,"水 甘油聚醚-7 维生素原B5, 维他命原B5, 泛醇 聚丙烯酰胺 丙二醇, 丙烯乙二醇, 1, 2-丙二醇 重氮烷基咪唑脲, 双咪唑烷基脲, 极美II, ... 苯甲酸甲脂, 对羟基苯甲酸甲酯, 羟苯甲酯, ... 乙二胺四乙基二钠, 乙酸乙二胺二钠 柠檬醛 香叶醇 香茅醇 芳樟醇, 沈香醇 FD&C 色料 黄色五号, 柠檬黄, 酒石黄 FD&C 色料 黄色六号, 日落黄 "
Phormula 3-9 Repair Cream,"水 丁二醇, 1, 3-丁二醇 椰油醇辛酸酯/癸酸酯, 椰油醇-辛酸酯/癸酸酯 菸硷胺, 菸酰胺, 烟酰胺, 菸硷酰酸 甘油, 丙三醇 环戊硅氧烷, 聚硅氧化合物, 十甲基环五硅氧烷, ... 苯氧乙醇, 苯氧基乙醇, 二苯氧基乙醇 鲸蜡醇磷酸酯钾 甜橙果提取 维生素原B5, 维他命原B5, 泛醇 乙基己基甘油 醋酸盐维他命E, 醋酸生育酚酯, 生育酚醋酸酯, ... 氢氧化钠 聚二甲基硅氧烷醇 水解黏多醣类, 水解葡糖氨基聚糖 琼崖海棠籽油, 琼崖海棠油, 海棠果籽油 石栗籽油 伯尔硬胡桃籽油 鹿角菜胶, 爱尔兰海藻, 爱尔兰苔, 角叉菜, ... 丁醇聚醚-3 玻尿酸钠, 透明质酸钠, 玻璃酸钠 苯并三唑基丁苯酚磺酸钠 棕榈酸维他命A, 维他命A酯, 棕榈酸视黄酯, ... 聚乙二醇-8 柠檬酸 生育醇, 生育酚, 维他命E, 维生素E, ... 暂无 柠檬酸三丁酯 抗坏血酸棕榈酸酯, 维他命C棕榈酸酯 林烟草叶细胞培养物 香叶醇 抗坏血酸, 维他命C, 维生素C FD&C 色料 黄色五号, 柠檬黄, 酒石黄 "
Light Controlling Lotion,"水 甘油, 丙三醇 聚山梨醇酯 80, 聚山梨醇酯-80 香料, 香水, 香精, 香味 戊基肉桂醇 苯甲醇 苯甲酸苯甲酯, 苯甲酸苄酯 水杨酸苄酯 桂皮醇, 肉桂醇 柠檬醛 香茅醇 丁香酚 香叶醇 羟基香茅醛 柠檬油精, 柑橘皮粹取, 苎烯 芳樟醇, 沈香醇 "
Perfectly Clean Multi-Action Foam Cleanser/Purifying Mask ,"PEG-3 二硬脂酸酯 氢氧化钾 山嵛酸 乙二胺四乙基二钠, 乙酸乙二胺二钠 硬脂酸, 18酸, 十八酸, 己基癸醇硬脂酸酯 咯烷酮羧酸锌, PCA锌 月桂酸, 12酸, 十二酸 甲基氯异塞唑晽酮, 甲基氯异噻唑啉酮 蒙脱土, 蒙脱石 甲基异噻唑啉酮 十四烷脂肪酸, 肉豆蔻酸, 十四酸 水飞蓟, 水飞蓟提取 山梨醣醇, 山梨糖醇, 山梨醇, 葡萄糖醇, ... 甘油, 丙三醇 甲椰酰基牛磺酸钠, 甲基椰油酰基牛磺酸钠 高岭土, 膨润土 咖啡因 棕榈酸, 16酸, 十六酸 "
NightWear Plus Anti-Oxidant Night Detox Creme,"水 甘油, 丙三醇 聚山梨醇酯 60, 聚山梨醇酯-60 乳油木果脂, 雪亚脂, 乳木果, 乳油木, ... 氢化聚癸烯 1, 3-丙二醇 角鲨烷 硬脂酸己六酯, 山梨坦硬脂酸酯 鲸蜡醇棕榈酸酯 十三烷醇硬脂酸酯 糖海带提取 黄龙胆根提取 柑橘果皮提取 药用毬果紫堇花/叶/茎提取 虎杖根提取 嗜热栖热菌发酵产物 小果咖啡籽提取 葡萄籽萃取 酵母菌溶胞物提取 普通补血草花/叶/茎提取 棕榈酰羟丙基三甲基铵支链淀粉/甘油交联聚合物 胆甾醇 藻提取 亚麻仁油酸, 亚麻油酸, 亚油酸 聚二甲基硅氧烷醇 异十六烷 玻尿酸钠, 透明质酸钠, 玻璃酸钠 十三烷醇偏苯三酸酯 月桂醇 甘草亭酸 麦角硫因, 麦硫因 二聚季戊四醇六辛酸酯/六癸酸酯 乙酰葡萄糖氨, 乙酰葡糖胺 乙基己基甘油 甘油硬脂酸, 硬脂酸甘油酯, 甘油硬脂酸酯 脂肪酸醇类, 山嵛醇 咖啡因 硬脂酸, 18酸, 十八酸, 己基癸醇硬脂酸酯 辛酸/癸酸三酸甘油酯, 辛酸/癸酸甘油三酯, ... 丙烯酰胺/丙烯酰基二甲基牛磺酸钠共聚物 醋酸盐维他命E, 醋酸生育酚酯, 生育酚醋酸酯, ... 富马酸 环煳精 香料, 香水, 香精, 香味 乙二胺四乙基二钠, 乙酸乙二胺二钠 苯氧乙醇, 苯氧基乙醇, 二苯氧基乙醇 氯苯甘醚 芳樟醇, 沈香醇 丁苯基甲基丙醛 水杨酸苄酯 FD&C 色料 黄色五号, 柠檬黄, 酒石黄 "
Advanced Time Zone Night Age Reversing Line/Wrinkle Crème,"双-二甘油多脂酰己二酸酯-2, ... HDI/PPG/聚己内酯交联聚合物 荷荷葩油, 荷荷巴油, 荷荷芭油, 霍霍巴油, ... 甘油, 丙三醇 C12-20 酸 PEG-8酯, ... 硅灵, 地美司康, 二甲基硅酮, 二甲硅油, ... 丁二醇, 1, 3-丁二醇 蔗糖 鲸蜡醇, 棕榈醇, 十六醇, 16醇, ... 西瓜 豨签提取 苹果粹取物 暫無 大麦 小黄瓜, 胡瓜 酸豆籽提取 草绿盐角草提取 虎杖根提取 葡萄籽萃取 迷迭香 菱锰矿提取 甜瓜 酵母, 酵母菌胞溶产物, 酵母提取 酪梨油, 酪梨, 鳄梨, 牛油果 胆甾醇 亚麻仁油酸, 亚麻油酸, 亚油酸 亚麻酸 磷酸腺苷 六胜肽, 六胜月太, 六元胜肽, 乙酰基六肽, ... 丙烯酰二甲基牛磺酸铵/VP 共聚物 脂肪酸醇类, 山嵛醇 异构寡糖, 糖类同分异构体 植物醇, 植物甾醇类 醋酸盐维他命E, 醋酸生育酚酯, 生育酚醋酸酯, ... 三油精 甘油硬脂酸, 硬脂酸甘油酯, 甘油硬脂酸酯 海藻醣, 海藻糖 鲸蜡醇磷酸酯钾 丙二醇二癸酸酯 咯烷酮羧酸钠, 钠羟基皮酪烷酮, PCA 钠 向日葵, 太阳花 黄原胶, 三仙胶, 山羊胶, 汉生胶 丙烯酸/C10-30烷基丙烯酸聚合物, ... 玻尿酸钠, 透明质酸钠, 玻璃酸钠 乳酸钠 디팔미토일하이드록시프롤린 硬脂酸, 18酸, 十八酸, 己基癸醇硬脂酸酯 硫酸钾 丙烯酰胺/丙烯酰基二甲基牛磺酸钠共聚物 脱羧肌肽 HCL 卡波莫, 卡波姆, 聚羧乙烯, 卡波树脂 聚山梨醇酯 80, 聚山梨醇酯-80 环煳精 香料, 香水, 香精, 香味 硅石, 石英, 二氧化硅 D&C 色料 红色卅三号 "
Soft Clean Moisture Rich Foaming Cleanser,"甘油, 丙三醇 丁二醇, 1, 3-丁二醇 癸基聚葡糖 肉豆蔻酰谷氨酸钾 乙二醇硬脂酸酯 PEG-40 甘油椰油酸酯 咯烷酮羧酸钠, 钠羟基皮酪烷酮, PCA 钠 香料, 香水, 香精, 香味 野西番莲 火绒草, 雪绒花, 薄雪草 短瓣千屈菜 玻尿酸钠, 透明质酸钠, 玻璃酸钠 咖啡因 海藻醣, 海藻糖 蔗糖 尿素, 碳酰二胺 聚季铵盐-51 二丁基羟基甲苯, 丁羟甲苯, 丁基羟基甲苯 苯氧乙醇, 苯氧基乙醇, 二苯氧基乙醇 "
Perfectly Clean Multi-Action Toning Lotion/Refiner ,"水 变性酒精, 变性乙醇, SD 乙醇 40, ... 藻提取 金缕梅, 金镂梅, 北美金缕梅 水飞蓟, 水飞蓟提取 今丝竹, 银竹, 泰山竹, 黄金间碧竹, ... 豌豆提取 藻提取 稻糠提取 酵母, 酵母菌胞溶产物, 酵母提取 蔗糖 海藻醣, 海藻糖 乳糖酸 PEG-40 氢化篦麻油, PEG-40氢化蓖麻油 山梨醣醇, 山梨糖醇, 山梨醇, 葡萄糖醇, ... 咖啡因 生物糖胶-1, 生物糖 胶-1 聚丙二醇-26 玻尿酸钠, 透明质酸钠, 玻璃酸钠 戊二醇, 1, 2-戊二醇 鲸蜡醇聚醚 20, 鲸蜡醇聚醚-20 香料, 香水, 香精, 香味 植酸, 肌醇六磷酸, 六磷酸肌酸醇 "
Advanced Time Zone Age Reversing Line/Wrinkle Eye Creme,"聚乙烯 合成鲸蜡 碳酸二辛酯 棕榈醇, 鲸蜡硬脂醇 异硬脂醇新戊酸酯 蔗糖 1, 3-丙二醇 丁二醇, 1, 3-丁二醇 酸豆籽提取 虎杖根提取 水解大米提取 葡萄籽萃取 迷迭香提取 还魂草提取 啤酒花提取 柑橘果皮提取 酵母, 酵母菌胞溶产物, 酵母提取 大麦 兵豆果提取 氢化卵磷脂, 氢化卵燐脂 植烷三醇 黄瓜果提取 海藻醣, 海藻糖 乙酰葡萄糖氨, 乙酰葡糖胺 鲸蜡硬脂基葡糖苷 西瓜果提取 鲸蜡醇, 棕榈醇, 十六醇, 16醇, ... 百金花提取 甘油, 丙三醇 咯烷酮羧酸钠, 钠羟基皮酪烷酮, PCA 钠 向日葵籽饼 咖啡因 氨甲基丙醇 豨签提取 苹果果提取 月桂醇 PCA 酯 乳清蛋白 胆甾醇 丙烯酸/C10-30烷基丙烯酸聚合物, ... 乳酸钠 PEG-100 硬脂酸酯 酪梨油, 酪梨, 鳄梨, 牛油果 磷脂质, 磷脂 甜瓜果提取 亚麻仁油酸, 亚麻油酸, 亚油酸 脱羧肌肽 HCL 油酸 棕榈酸, 16酸, 十六酸 辛乙二醇, 辛甘醇, 1, 2-辛二醇 卡波莫, 卡波姆, 聚羧乙烯, 卡波树脂 硬脂酸, 18酸, 十八酸, 己基癸醇硬脂酸酯 去甲二氢愈创木酸 鞘氨醇, 植物鞘氨醇 三油精 环煳精 乙二胺四乙基二钠, 乙酸乙二胺二钠 二丁基羟基甲苯, 丁羟甲苯, 丁基羟基甲苯 苯氧乙醇, 苯氧基乙醇, 二苯氧基乙醇 二氧化钛 "
Revitalizing Supreme Global Anti-Aging Eye Balm,"水 硅灵, 地美司康, 二甲基硅酮, 二甲硅油, ... 异十六烷 甘油, 丙三醇 비스-피이지-18메칠에텔디메칠실란 聚乙二醇-10 丁二醇, 1, 3-丁二醇 戊二醇, 1, 2-戊二醇 二硬脂基二甲基胺锂皂石, 二硬脂二甲铵锂蒙脱石 大麦提取 黄瓜果提取 水仙鳞茎提取 咖啡因 蔗糖 山梨醣醇, 山梨糖醇, 山梨醇, 葡萄糖醇, ... 聚硅氧烷-11 向日葵籽饼 异构十二烷, 异十二烷 麦角硫因, 麦硫因 丙二醇二癸酸酯 碳酸丙烯酯, 丙烯碳酸盐, 碳酸丙二醇酯 聚乙二醇-32 聚乙二醇-6 去水醋酸钠, 脱氢乙酸钠 聚乙烯 柠檬酸 香料, 香水, 香精, 香味 柠檬酸钠, 枸橼酸钠 乙二胺四乙基二钠, 乙酸乙二胺二钠 二丁基羟基甲苯, 丁羟甲苯, 丁基羟基甲苯 苯氧乙醇, 苯氧基乙醇, 二苯氧基乙醇 氧化铁 "
Advanced Night Micro Cleansing Balm,"棕榈酸异辛酯, 棕榈酸乙基己酯, 棕榈酸盐 红花油, 红花籽油 山梨醇聚醚-30 四油酸酯 聚乙烯 PEG-5 甘油三异硬脂酸酯 水 虎杖根提取 藻提取 洋甘菊, 罗马洋甘菊, 母菊, 白花春黄菊, ... 薰衣草, 真正薰衣草 二氢茉莉酮酸甲酯 生育醇, 生育酚, 维他命E, 维生素E, ... 二丁基羟基甲苯, 丁羟甲苯, 丁基羟基甲苯 芳樟醇, 沈香醇 "
Liquid Powder Oil Balancing Serum,"水 北美金缕梅水 硅石, 石英, 二氧化硅 异戊二醇 乙氧基乙二醇, 乙氧基二甘醇 乙基己基甘油 壬二酰二甘氨酸钾, 壬二酸酯 硅酸镁锂, 水辉石 伊利水云母 高岭土, 膨润土 扁叶香果兰果提取 苯氧乙醇, 苯氧基乙醇, 二苯氧基乙醇 辛酸/癸酸三酸甘油酯, 辛酸/癸酸甘油三酯, ... 己二醇 安息香酸, 苯甲酸 辣薄荷油 薄荷叶油 薄荷脑, 薄荷醇 "
Rose Gold Elixir 24K Moisturizing Gel Cream,"柠檬酸钠, 枸橼酸钠 甜橙皮油 植醇 硅灵, 地美司康, 二甲基硅酮, 二甲硅油, ... 异麦芽 双丙甘醇 香料, 香水, 香精, 香味 甘油硬脂酸, 硬脂酸甘油酯, 甘油硬脂酸酯 芳樟醇, 沈香醇 麝香玫瑰籽油 红花油, 红花籽油 生育醇, 生育酚, 维他命E, 维生素E, ... 聚二甲基硅氧烷/聚甘油-3 交联聚合物 椰油醇辛酸酯/癸酸酯, 椰油醇-辛酸酯/癸酸酯 玻尿酸钠, 透明质酸钠, 玻璃酸钠 蔺花香茅油 甘油, 丙三醇 金 苯氧乙醇, 苯氧基乙醇, 二苯氧基乙醇 西葫芦籽提取 聚丙烯酰基二甲基牛磺酸钠 棕榈醇, 鲸蜡硬脂醇 柠檬油精, 柑橘皮粹取, 苎烯 "
Weightless Liquid Mineral SPF 30,"辛酸/癸酸三酸甘油酯, 辛酸/癸酸甘油三酯, ... 水 异构十二烷, 异十二烷 聚甲基丙烯酸甲酯, 热塑性树脂 十四烯 氢化聚癸烯 硅灵, 地美司康, 二甲基硅酮, 二甲硅油, ... 聚丙烯 硅石, 石英, 二氧化硅 茶叶提取 脂溶性维他命C, 酯化C, 酯化维他命C, ... 油酸己六酯, 失水山梨醇油酸酯, 山梨坦油酸酯 光果甘草根提取 小白菊提取 十三烷 醋酸盐维他命E, 醋酸生育酚酯, 生育酚醋酸酯, ... 生育醇, 生育酚, 维他命E, 维生素E, ... 季铵盐-90 膨润土 辛基十二烷醇, 辛基十二醇 聚羟基硬脂酸 聚蓖麻油酸聚甘油(3)酯, ... 十六碳烯 己二醇 甘油, 丙三醇 苯氧乙醇, 苯氧基乙醇, 二苯氧基乙醇 氧化镁 矾土 二氧化钛 氧化铁 "
Crème Ancienne® Soft Cream,"丙烯酸/C10-30烷基丙烯酸聚合物, ... 牛油果树果脂提取 水 鲸蜡醇, 棕榈醇, 十六醇, 16醇, ... 新戊二醇二辛酸酯/二癸酸酯 二丁基羟基甲苯, 丁羟甲苯, 丁基羟基甲苯 PEG-100 硬脂酸酯 季戊四醇四辛酸酯, 季戊四醇四（乙基己酸）酯 香料, 香水, 香精, 香味 紫松果菊提取 氢氧化钠 苯氧乙醇, 苯氧基乙醇, 二苯氧基乙醇 硬脂酰谷氨酸钠 甜杏仁油, 甜扁桃油 白芒花籽油 "
Seaberry Skin Nutrition Cleansing Oil,"葡萄籽油 丁二醇二辛酸/二癸酸酯 辛酸/癸酸/琥珀酸甘油三酯 暂无 沙棘油, 沙棘果油 栽培黑种草籽油, 黑种草油 红木籽提取 迷迭香叶提取 醋酸盐维他命E, 醋酸生育酚酯, 生育酚醋酸酯, ... 生育醇, 生育酚, 维他命E, 维生素E, ... 香料, 香水, 香精, 香味 二丁基羟基甲苯, 丁羟甲苯, 丁基羟基甲苯 苯甲醇 脱氢醋酸, 去水醋酸, 脱氢乙酸 柠檬油精, 柑橘皮粹取, 苎烯 芳樟醇, 沈香醇 "
Crème Ancienne® Eye Cream,"荷荷葩油, 荷荷巴油, 荷荷芭油, 霍霍巴油, ... 水 蜂蜡, 蜜蜡, 白蜂蜡 戊二醇, 1, 2-戊二醇 玉米淀粉, 改性玉米淀粉 丁二醇, 1, 3-丁二醇 蔗糖四硬脂酸酯三乙酸酯 沙棘油, 沙棘果油 柠檬油精, 柑橘皮粹取, 苎烯 香橼 苯氧乙醇, 苯氧基乙醇, 二苯氧基乙醇 桂花花提取 突厥蔷薇花水 白花春黄菊花油 香叶醇 迷迭香 "
Lotus Youth Preserve Radiance Lotion,"脯氨酰胺乙基咪唑 硬脂醇聚醚-2, 硬脂醇聚氧乙烯醚(2) 二丁基羟基甲苯, 丁羟甲苯, 丁基羟基甲苯 柠檬醛 辛甲基聚硅氧烷, 辛基聚甲基硅氧烷 玻尿酸钠, 透明质酸钠, 玻璃酸钠 聚二甲基硅氧烷/苯基乙烯基聚二甲硅氧烷交联聚合物 焦糖, 焦糖色 维他命C配糖体, 维生素C醣甘, 维他命C醣甘, ... 卡波莫, 卡波姆, 聚羧乙烯, 卡波树脂 二苯基甲硅烷氧基苯基聚三甲基硅氧烷 黄瓜果提取 乙二氨四醋酸四钠, 乙二胺四乙酸四钠, ... 柠檬酸钠, 枸橼酸钠 甘油, 丙三醇 苯氧乙醇, 苯氧基乙醇, 二苯氧基乙醇 香橼果皮油 咖啡黄葵果提取 藻提取 辛乙二醇, 辛甘醇, 1, 2-辛二醇 水 山梨醣醇, 山梨糖醇, 山梨醇, 葡萄糖醇, ... 阳桃叶提取 无花果果提取 트로메타민 山梨酸, 己二烯酸 柠檬油精, 柑橘皮粹取, 苎烯 柠檬酸 山梨酸钾, 己二稀酸钾, 己二烯酸钾 荷荷葩酯, 霍霍巴酯, 荷荷芭酯, 霍霍巴酯类 "
Umbrian Clay Mattifying Serum,"肉桂树皮提取 十八烷醇, 十八醇, 硬脂醇 香茅醇 薰衣草, 真正薰衣草 异壬酸异壬酯, 蚕丝油 硬脂醇聚醚-2, 硬脂醇聚氧乙烯醚(2) 丙烯酸/C10-30烷基丙烯酸聚合物, ... 硬脂醇聚醚-21 香叶醇 甘油, 丙三醇 油橄榄叶提取 硅石, 石英, 二氧化硅 姜根提取 香橼 小黄瓜, 胡瓜 辛酸/癸酸三酸甘油酯, 辛酸/癸酸甘油三酯, ... 芳樟醇, 沈香醇 鲸蜡醇, 棕榈醇, 十六醇, 16醇, ... 水 氢氧化钠 地榆根提取 突厥蔷薇花水 醋酸盐维他命E, 醋酸生育酚酯, 生育酚醋酸酯, ... 柠檬油精, 柑橘皮粹取, 苎烯 C13-14 异烷烃, C13-14 异链烷烃 "
De-Puffing Under Eye Jade Roller,"1, 2-己二醇 苯甲酸苯甲酯, 苯甲酸苄酯 辛乙二醇, 辛甘醇, 1, 2-辛二醇 二氧化钛 黄原胶, 三仙胶, 山羊胶, 汉生胶 香茅醇 丁二醇, 1, 3-丁二醇 小球藻提取 PEG/PPG-12/16 聚二甲基硅氧烷 硅灵, 地美司康, 二甲基硅酮, 二甲硅油, ... 乙基己基甘油 微晶纤维素 1, 3-丙二醇 水 柠檬油精, 柑橘皮粹取, 苎烯 酵母β葡聚糖, 酵母 β-葡聚糖 云母 芳樟醇, 沈香醇 シロキクラゲ多糖体 环戊硅氧烷, 聚硅氧化合物, 十甲基环五硅氧烷, ... 柠檬醛 "
Salve The Day Multi Balm,"矿脂, 凡士林 蜂蜡, 蜜蜡, 白蜂蜡 乳油木果脂, 雪亚脂, 乳木果, 乳油木, ... 醋酸盐维他命E, 醋酸生育酚酯, 生育酚醋酸酯, ... 聚山梨醇酯 60, 聚山梨醇酯-60 小麦胚芽油 帕索 1789, 丁基甲氧基二苯甲酰基甲烷 辛乙二醇, 辛甘醇, 1, 2-辛二醇 大豆油, 黄豆油 二丁基羟基甲苯, 丁羟甲苯, 丁基羟基甲苯 硅石, 石英, 二氧化硅 香料, 香水, 香精, 香味 己基肉桂醛, 己基桂醛 库拉索芦荟叶提取 水 芳樟醇, 沈香醇 乳酸 苯甲醇 蓖麻油, 蓖麻籽油 戊基肉桂醛 FD&C 色料 黄色五号, 柠檬黄, 酒石黄 生育醇, 生育酚, 维他命E, 维生素E, ... 乳酸桿菌发酵溶胞产物 红色色料 苯甲酸钠, 安息香酸钠 山梨酸钾, 己二稀酸钾, 己二烯酸钾 "
Bye Bye Redness Neutralizing Color-Correcting Cream,"聚二甲基硅氧烷/乙烯基聚二甲硅氧烷交联聚合物 柚皮油, 橙皮油 甘油, 丙三醇 姜黄根提取 抗坏血酸棕榈酸酯, 维他命C棕榈酸酯 醋酸盐维他命E, 醋酸生育酚酯, 生育酚醋酸酯, ... 野大豆籽提取 母菊花萃取, 德国洋甘菊花萃取 尖头木兰树皮提取 库拉索芦荟叶提取 二硬脂基二甲基胺锂皂石, 二硬脂二甲铵锂蒙脱石 全氟萘烷 八胜肽 二甲基甲硅烷基化硅石 菸硷胺, 菸酰胺, 烟酰胺, 菸硷酰酸 六胜肽, 六胜月太, 六元胜肽, 乙酰基六肽, ... 油橄榄叶提取 环戊硅氧烷, 聚硅氧化合物, 十甲基环五硅氧烷, ... 酪梨油, 酪梨, 鳄梨, 牛油果 苯氧乙醇, 苯氧基乙醇, 二苯氧基乙醇 1, 3-丙二醇 水解胶原蛋白, 水解胶原, 水解动物蛋白 丁二醇, 1, 3-丁二醇 PEG/PPG-18/18 聚二甲基硅氧烷 棕榈酸维他命A, 维他命A酯, 棕榈酸视黄酯, ... 胆甾醇油醇碳酸酯 异构十二烷, 异十二烷 氧化铁 四胜肽棕榈酸酯, 棕榈酰四肽-3 胆甾醇壬酸酯 硅石, 石英, 二氧化硅 石榴提取 癸基葡萄糖苷, 癸基葡糖苷 水 红花油, 红花籽油 玻尿酸, 醣醛酸, 透明质酸 辛酸/癸酸三酸甘油酯, 辛酸/癸酸甘油三酯, ... PEG-10 聚二甲基硅氧烷 乙基己基甘油 聚甘油-4 异硬脂酸酯 硅灵, 地美司康, 二甲基硅酮, 二甲硅油, ... 白果紫草提取 茶叶提取 棕榈酸异辛酯, 棕榈酸乙基己酯, 棕榈酸盐 硅酸镁铝, 镁铝硅酸盐, 硅酸铝镁 小白菊提取 光果甘草根提取 燕麦胶, 胶态燕麦粉 卡波莫, 卡波姆, 聚羧乙烯, 卡波树脂 氯化钠, 食盐 二氧化钛 聚硅氧烷-11 "
Double-Duty Face Moisturizer Broad Spectrum SPF 20,"苹果果提取 苯乙醇苯甲酸酯 甘油醇26, 甘油聚醚-26 卡波莫, 卡波姆, 聚羧乙烯, 卡波树脂 丁二醇, 1, 3-丁二醇 苯氧乙醇, 苯氧基乙醇, 二苯氧基乙醇 丙烯酸羟乙酯/丙烯酰二甲基牛磺酸钠共聚物 香叶天竺葵花油 甘油, 丙三醇 氢氧化钠 辛基十二烷醇新戊酸酯, 辛基十二醇新戊酸酯 玻尿酸钠, 透明质酸钠, 玻璃酸钠 白花春黄菊花油 棕榈酸维他命A, 维他命A酯, 棕榈酸视黄酯, ... 香蜂花提取 醋酸盐维他命E, 醋酸生育酚酯, 生育酚醋酸酯, ... 伞形花序蒿提取 碘代丙炔基氨基甲酸丁, 碘丙炔醇丁基氨甲酸酯, ... 掌叶树提取 欧前胡叶提取 鲸蜡硬脂基葡糖苷 羟丙基淀粉磷酸酯 卵燐脂, 卵磷脂, 磷脂酰胆硷 环戊硅氧烷, 聚硅氧化合物, 十甲基环五硅氧烷, ... "
Protein Booster Eye Rescue,"水 库拉索芦荟叶汁 甘油, 丙三醇 肉豆蔻醇脂酸酯, 肉豆蔻醇硬脂酸酯 蓖麻油, 蓖麻籽油 棕榈醇, 鲸蜡硬脂醇 鲸蜡硬脂醇异壬酸酯 红花油, 红花籽油 燕麦仁提取 棕榈酰低聚肽, 棕榈酰寡肽 四胜肽棕榈酸酯, 棕榈酰四肽-3 PEG-100 硬脂酸酯 咯烷酮羧酸钠, 钠羟基皮酪烷酮, PCA 钠 龙头竹叶/茎提取 豌豆提取 咖啡因 玻尿酸钠, 透明质酸钠, 玻璃酸钠 甜没药, 没药醇, 比萨波醇, 红没药醇, ... 棕榈酸维他命A, 维他命A酯, 棕榈酸视黄酯, ... 醋酸盐维他命E, 醋酸生育酚酯, 生育酚醋酸酯, ... 葵花籽油, 葵花油, 向日葵籽油 亚麻籽萃取 油橄榄果提取 掌状海带提取 月见草油, 夜樱草油 氨基葡糖 HCL, 葡糖胺 HCL 卡波莫, 卡波姆, 聚羧乙烯, 卡波树脂 聚山梨醇酯 20, 吐温20, 聚山梨醇酯-20 乙二胺四乙基二钠, 乙酸乙二胺二钠 氨甲基丙醇 乙基己基甘油 环戊硅氧烷, 聚硅氧化合物, 十甲基环五硅氧烷, ... "
Cool Moisture Body Lotion,"水 甘油, 丙三醇 矿脂, 凡士林 维生素原B5, 维他命原B5, 泛醇 棕榈酸维他命A, 维他命A酯, 棕榈酸视黄酯, ... 小黄瓜, 胡瓜 酵母菌/锌发酵产物 亚麻仁油酸, 亚麻油酸, 亚油酸 向日葵, 太阳花 胆甾醇 分子酊 6 II, 神经酰胺 6 II, ... 磷脂质, 神经酰胺, 分子酊, 赛洛美, ... 鞘氨醇, 植物鞘氨醇 丙烯酸钠/丙烯酰二甲基牛磺酸钠共聚物 甘油硬脂酸, 硬脂酸甘油酯, 甘油硬脂酸酯 鲸蜡醇, 棕榈醇, 十六醇, 16醇, ... 丙二醇, 丙烯乙二醇, 1, 2-丙二醇 香料, 香水, 香精, 香味 乙二胺四乙基二钠, 乙酸乙二胺二钠 二羟甲基二甲基乙内酰脲, DMDM 乙内酰脲 "
Oil-Free Sun Guard Sunscreen Water Resistant SPF 45,"抗坏血酸棕榈酸酯, 维他命C棕榈酸酯 大叶醉鱼草 丁二醇, 1, 3-丁二醇 金盏花花提取 环戊硅氧烷, 聚硅氧化合物, 十甲基环五硅氧烷, ... 硅灵, 地美司康, 二甲基硅酮, 二甲硅油, ... 聚二甲基硅氧烷 PEG-10/15 交联聚合物 异壬酸乙基己酯 碘代丙炔基氨基甲酸丁, 碘丙炔醇丁基氨甲酸酯, ... 月桂醇 PEG-9 聚二甲基硅氧乙基聚二甲基硅氧烷 高山火绒草提取 欧前胡叶提取 苯氧乙醇, 苯氧基乙醇, 二苯氧基乙醇 棕榈酸维他命A, 维他命A酯, 棕榈酸视黄酯, ... 氯化钠, 食盐 水 "
Line Smoother Oil-Free Moisturizer,"葡萄籽萃取 硬脂酸, 18酸, 十八酸, 己基癸醇硬脂酸酯 醋酸盐维他命E, 醋酸生育酚酯, 生育酚醋酸酯, ... 丙二醇, 丙烯乙二醇, 1, 2-丙二醇 辛酸/癸酸三酸甘油酯, 辛酸/癸酸甘油三酯, ... 鲸蜡醇, 棕榈醇, 十六醇, 16醇, ... 尿囊素 棕榈酸维他命A, 维他命A酯, 棕榈酸视黄酯, ... 黄原胶, 三仙胶, 山羊胶, 汉生胶 丁二醇, 1, 3-丁二醇 聚山梨醇酯 80, 聚山梨醇酯-80 甘油硬脂酸, 硬脂酸甘油酯, 甘油硬脂酸酯 光果甘草, 甘草, 甘草精 对羟基苯甲酸丙酯, 羟苯丙酯, 尼泊金丙酯, ... 甘醇酸, 羟基乙酸 氢氧化钠 水 重氮烷基咪唑脲, 双咪唑烷基脲, 极美II, ... 月桂醇聚醚-7 C12-15 烷醇苯甲酸酯, ... C13-14 异烷烃, C13-14 异链烷烃 "
Power Peel Multi-Acid Resurfacing Pads,"丁二醇, 1, 3-丁二醇 甘油, 丙三醇 狭叶越桔果提取 大豆油, 黄豆油 宁夏枸杞果提取 乙醇, 酒精 尿素, 碳酰二胺 黄原胶, 三仙胶, 山羊胶, 汉生胶 醋酸盐维他命E, 醋酸生育酚酯, 生育酚醋酸酯, ... 甜橙果提取 氨基葡糖 HCL, 葡糖胺 HCL 啤酒酵母, 啤酒酵母菌提取 北美金缕梅水 水 香橼果提取 玻尿酸钠, 透明质酸钠, 玻璃酸钠 白花春黄菊花提取 氢氧化钠 藻提取 葡糖酸内酯, 内酯型葡糖酸 香叶天竺葵花油 山梨酸钾, 己二稀酸钾, 己二烯酸钾 菸硷胺, 菸酰胺, 烟酰胺, 菸硷酰酸 白桦树皮提取 糖槭提取 苯甲酸钠, 安息香酸钠 欧洲越桔果/叶提取 维他命C磷酸镁盐, 维他命C磷酸镁, ... 卵燐脂, 卵磷脂, 磷脂酰胆硷 "
Dry Erase® Ultra-Calming Face Cream,"水 库拉索芦荟叶汁 辛酸/癸酸三酸甘油酯, 辛酸/癸酸甘油三酯, ... 稻, 米 荷荷葩油, 荷荷巴油, 荷荷芭油, 霍霍巴油, ... 甘油醇26, 甘油聚醚-26 酪梨油, 酪梨, 鳄梨, 牛油果 乳油木果脂, 雪亚脂, 乳木果, 乳油木, ... 橄榄油鲸蜡醇酯, 橄榄油山梨醇脂, ... 橄榄油鲸蜡醇酯, 橄榄油山梨醇脂, ... 硅灵, 地美司康, 二甲基硅酮, 二甲硅油, ... 丙烯酰二甲基牛磺酸铵/VP 共聚物 水解刺云实树胶 鲸蜡醇棕榈酸酯 鲸蜡醇聚醚-10 磷酸酯 小黄瓜, 胡瓜 维生素原B5, 维他命原B5, 泛醇 脂溶性维他命C, 酯化C, 酯化维他命C, ... 醋酸盐维他命E, 醋酸生育酚酯, 生育酚醋酸酯, ... 甜没药, 没药醇, 比萨波醇, 红没药醇, ... 姜根提取 茶叶提取 极大螺旋藻提取 四胜肽, 乙酰基四肽 乙基己基甘油 苯氧乙醇, 苯氧基乙醇, 二苯氧基乙醇 "
Argan Daily Moisturizer Tinted SPF 47 Protect + Perfect,"矾土 云母 苯甲酸钠, 安息香酸钠 摩洛哥坚果油, 刺阿干树仁油 山梨酸钾, 己二稀酸钾, 己二烯酸钾 异壬酸异壬酯, 蚕丝油 聚甘油-2 异硬脂酸酯 甜没药, 没药醇, 比萨波醇, 红没药醇, ... 碳酸丙烯酯, 丙烯碳酸盐, 碳酸丙二醇酯 司拉氯铵水辉石 氧化锌 氧化铁 棕榈酸异辛酯, 棕榈酸乙基己酯, 棕榈酸盐 甘油, 丙三醇 苯氧乙醇, 苯氧基乙醇, 二苯氧基乙醇 环戊硅氧烷, 聚硅氧化合物, 十甲基环五硅氧烷, ... 三乙氧基辛基硅烷 氧化铁 水 聚蓖麻油酸聚甘油(6)酯 , ... 醋酸盐维他命E, 醋酸生育酚酯, 生育酚醋酸酯, ... 聚硅氧烷-11 香料, 香水, 香精, 香味 荷荷葩油, 荷荷巴油, 荷荷芭油, 霍霍巴油, ... 月桂醇 12, 月桂醇聚醚-12 库拉索芦荟叶汁 柠檬酸 聚羟基硬脂酸 硬脂酸镁 "
Age Arrest Anti-Wrinkle Cream,"新戊二醇二庚酸酯 辛酸/癸酸三酸甘油酯, 辛酸/癸酸甘油三酯, ... 棕榈醇, 鲸蜡硬脂醇 1, 3-丙二醇 甘油, 丙三醇 合成鲸蜡 硅灵, 地美司康, 二甲基硅酮, 二甲硅油, ... 十三烷醇新戊酸酯 十八烷醇, 十八醇, 硬脂醇 麦角硫因, 麦硫因 维生素原B5, 维他命原B5, 泛醇 醋酸盐维他命E, 醋酸生育酚酯, 生育酚醋酸酯, ... 棕榈酰二肽-10 长心卡帕藻提取 生育醇, 生育酚, 维他命E, 维生素E, ... 三烯生育醇, 生育酚类 燕麦麸皮提取 柳珊瑚 海洋小白菊 迷迭香叶提取 辣薄荷叶提取 粉色西番莲果提取 玫瑰木木提取 茶叶提取 依兰花提取 地中海柏木籽提取 墨角藻提取 杏果提取 扁叶香果兰果提取 香柠檬果提取 檀香木提取 芫荽籽提取 罗马甜瓜果提取 黄瓜果提取 桃果提取, 水蜜桃果提取 苹果果提取 玫瑰粹取, 玫瑰 覆盆子果提取 鲸蜡硬脂醇聚醚-20, 鲸蜡硬脂醇醚-20 PEG-40 硬脂酸酯 丙烯酸钠/丙烯酰二甲基牛磺酸钠共聚物 花生醇 异十六烷 聚山梨醇酯 80, 聚山梨醇酯-80 乙二胺四乙基二钠, 乙酸乙二胺二钠 柠檬酸 苯氧乙醇, 苯氧基乙醇, 二苯氧基乙醇 苯甲酸钠, 安息香酸钠 "
EradiKate Mask Foam-Activated Acne Treatment,"甘油聚醚-18 乙基己酸酯 十八烷醇, 十八醇, 硬脂醇 甘油, 丙三醇 柠檬酸 香料, 香水, 香精, 香味 胶态硫 十四碳-十六碳烯磺酸钠, C14-16 烯烃磺酸钠 全氟异丁基乙基醚 寡肽-10 乙二胺四乙基二钠, 乙酸乙二胺二钠 丁二醇, 1, 3-丁二醇 山梨酸钾, 己二稀酸钾, 己二烯酸钾 黄原胶, 三仙胶, 山羊胶, 汉生胶 1, 3-丙二醇 椰油基-葡糖苷 脂肪酸醇类, 山嵛醇 棕榈醇, 鲸蜡硬脂醇 水 苯氧乙醇, 苯氧基乙醇, 二苯氧基乙醇 乙基全氟丁基醚 椰油酰两性基乙酸钠 蜂蜜 乙基己基甘油 "
Line Release Under Eye Repair Cream,"水 环戊硅氧烷, 聚硅氧化合物, 十甲基环五硅氧烷, ... 环四聚二甲基硅氧烷 C12-15 烷醇苯甲酸酯, ... 聚硅氧烷-11 PPG-12/SMDI共聚物 大花可哥树籽脂 聚二甲基硅氧烷醇 椰油酸乙基己酯 丁二醇, 1, 3-丁二醇 棕榈酰低聚肽, 棕榈酰寡肽 四胜肽棕榈酸酯, 棕榈酰四肽-3 神经酰胺 2 玻尿酸钠, 透明质酸钠, 玻璃酸钠 咯烷酮羧酸钠, 钠羟基皮酪烷酮, PCA 钠 黄瓜果提取 水解米糠蛋白 氧化还原脢, 氧化还原酶 大豆蛋白 抗坏血酸棕榈酸酯, 维他命C棕榈酸酯 棕榈酸维他命A, 维他命A酯, 棕榈酸视黄酯, ... 醋酸盐维他命E, 醋酸生育酚酯, 生育酚醋酸酯, ... 精氨酸 离氨酸, 离胺酸, 赖氨酸 甘氨酸, 左旋甘氨酸, 糖胶, 氨基乙酸, ... 脯氨酸 葵花籽油, 葵花油, 向日葵籽油 合成鲸蜡 三山嵛精 羟基化卵磷脂 尿素, 碳酰二胺 海藻醣, 海藻糖 辛酸/癸酸三酸甘油酯, 辛酸/癸酸甘油三酯, ... 黄原胶, 三仙胶, 山羊胶, 汉生胶 磷酸二氢钠 氯化钠, 食盐 三乙醇胺 苯氧乙醇, 苯氧基乙醇, 二苯氧基乙醇 "
Gentle Daily Wash,"芳樟醇, 沈香醇 乙二胺四乙基二钠, 乙酸乙二胺二钠 十四碳-十六碳烯磺酸钠, C14-16 烯烃磺酸钠 鼠尾草, 药鼠尾草 咯烷酮羧酸锌, PCA锌 苯甲酸钠, 安息香酸钠 香柠檬 柠檬酸 柠檬油精, 柑橘皮粹取, 苎烯 烷基酰胺甜菜硷, 椰油酰胺丙基甜菜碱 山梨酸钾, 己二稀酸钾, 己二烯酸钾 薰衣草, 真正薰衣草 丁二醇, 1, 3-丁二醇 甘油, 丙三醇 氢氧化钠 丙烯酸酯聚合体, 丙烯酸(酯)类共聚物 水 PEG/PPG-8/3 二异硬脂酸酯 "
Quench Hydrating Face Serum,"聚二甲基硅氧烷醇 硅灵, 地美司康, 二甲基硅酮, 二甲硅油, ... 椰油酸乙基己酯 苯基三甲基聚硅氧烷, 苯基聚三甲基硅氧烷 糖脂质, 糖脂 辛酸/癸酸三酸甘油酯, 辛酸/癸酸甘油三酯, ... 小麦胚芽油 抗坏血酸钠 生育醇, 生育酚, 维他命E, 维生素E, ... A醇, 视黄醇, 维生素A醇, 维他命A醇 "
Peptide K8 Power Cream,"丁二醇, 1, 3-丁二醇 硅灵, 地美司康, 二甲基硅酮, 二甲硅油, ... 乙二胺四乙基二钠, 乙酸乙二胺二钠 苯甲酸钠, 安息香酸钠 聚季铵盐-51 棕榈酰低聚肽, 棕榈酰寡肽 荷荷葩油, 荷荷巴油, 荷荷芭油, 霍霍巴油, ... 玻尿酸钠, 透明质酸钠, 玻璃酸钠 硬脂酸, 18酸, 十八酸, 己基癸醇硬脂酸酯 吡咯烷酮羧酸铜, PCA 铜盐 十四酸异丙酯, 肉荳蔻酸异丙酯, 肉豆蔻酸异丙酯, ... 神经酰胺 2 己基肉桂醛, 己基桂醛 C12-15 烷醇苯甲酸酯, ... 环戊硅氧烷, 聚硅氧化合物, 十甲基环五硅氧烷, ... 咯烷酮羧酸钠, 钠羟基皮酪烷酮, PCA 钠 尿素, 碳酰二胺 柠檬酸 辛酸/癸酸三酸甘油酯, 辛酸/癸酸甘油三酯, ... 角鲨烷 鲸蜡硬脂醇聚醚-20, 鲸蜡硬脂醇醚-20 醋酸盐维他命E, 醋酸生育酚酯, 生育酚醋酸酯, ... PEG-10 菜籽甾醇 柠檬油精, 柑橘皮粹取, 苎烯 海藻醣, 海藻糖 氯苯甘醚 山梨酸钾, 己二稀酸钾, 己二烯酸钾 甘油, 丙三醇 胆甾醇 三醋精 三乙醇胺 尿囊素 "
Age Arrest Eye Cream,"水 异硬脂酸盐, 异鲸蜡醇硬脂酸酯 辛酸/癸酸三酸甘油酯, 辛酸/癸酸甘油三酯, ... 甘油, 丙三醇 甘油硬脂酸, 硬脂酸甘油酯, 甘油硬脂酸酯 聚甲基硅倍半氧烷 1, 3-丙二醇 硬脂酸, 18酸, 十八酸, 己基癸醇硬脂酸酯 硅灵, 地美司康, 二甲基硅酮, 二甲硅油, ... 醋酸盐维他命E, 醋酸生育酚酯, 生育酚醋酸酯, ... 生育醇, 生育酚, 维他命E, 维生素E, ... 长心卡帕藻提取 氢氧化钠 泡叶藻提取 刺海门冬提取 金黄洋甘菊提取 柳珊瑚 海洋小白菊 玫瑰木木提取 茶叶提取 薰衣草花/叶/茎提取 地中海柏木籽提取 墨角藻提取 依兰花提取 香柠檬果提取 芫荽籽提取 罗马甜瓜果提取 黄瓜果提取 辣薄荷叶提取 桃果提取, 水蜜桃果提取 苹果果提取 迷迭香叶提取 檀香木提取 扁叶香果兰果提取 荷荷葩酯, 霍霍巴酯, 荷荷芭酯, 霍霍巴酯类 绿荆树/霍霍巴/向日葵籽蜡聚甘油-3 酯类 金刚粉, 钻石粉 丙烯酸/C10-30烷基丙烯酸聚合物, ... 丁二醇, 1, 3-丁二醇 山梨醣醇, 山梨糖醇, 山梨醇, 葡萄糖醇, ... 鲸蜡醇, 棕榈醇, 十六醇, 16醇, ... 肉豆蔻醇 十八烷醇, 十八醇, 硬脂醇 黄原胶, 三仙胶, 山羊胶, 汉生胶 三异硬脂酸异丙氧钛酯, 三异硬脂酸异丙氧钛盐 山梨酸钾, 己二稀酸钾, 己二烯酸钾 山梨酸, 己二烯酸 苯氧乙醇, 苯氧基乙醇, 二苯氧基乙醇 云母 二氧化钛 氧化锡 "
Daily Deflector Waterlight Broad Spectrum SPF 50+ PA+++ Anti-Aging Sunscreen,"水 硅灵, 地美司康, 二甲基硅酮, 二甲硅油, ... 丁基辛醇水杨酸酯 椰油醇辛酸酯/癸酸酯, 椰油醇-辛酸酯/癸酸酯 甘油, 丙三醇 辛甲基聚硅氧烷, 辛基聚甲基硅氧烷 锦纶-6/12 丁二醇, 1, 3-丁二醇 鲸蜡基聚乙醇/聚丙二醇-10/1聚二甲基硅氧烷, ... 暂无 甲基纤维素 硬脂酸, 18酸, 十八酸, 己基癸醇硬脂酸酯 玻尿酸钠, 透明质酸钠, 玻璃酸钠 醋酸盐维他命E, 醋酸生育酚酯, 生育酚醋酸酯, ... 腺苷 香菇提取 海藻醣, 海藻糖 三醋精 生育醇, 生育酚, 维他命E, 维生素E, ... 棕榈酰低聚肽, 棕榈酰寡肽 四胜肽棕榈酸酯, 棕榈酰四肽-3 尿素, 碳酰二胺 咯烷酮羧酸钠, 钠羟基皮酪烷酮, PCA 钠 香料, 香水, 香精, 香味 聚山梨醇酯 20, 吐温20, 聚山梨醇酯-20 聚季铵盐-51 卡波莫, 卡波姆, 聚羧乙烯, 卡波树脂 戊二醇, 1, 2-戊二醇 乙二胺四乙基二钠, 乙酸乙二胺二钠 山梨酸钾, 己二稀酸钾, 己二烯酸钾 苯氧乙醇, 苯氧基乙醇, 二苯氧基乙醇 矾土 "
Moisturizing Skin Guardian,"水 甘油, 丙三醇 甲基聚三甲基硅氧烷 辛酸/癸酸三酸甘油酯, 辛酸/癸酸甘油三酯, ... 异壬酸异壬酯, 蚕丝油 鲸蜡硬脂醇异壬酸酯 鲸蜡醇, 棕榈醇, 十六醇, 16醇, ... 莲根水 聚丙烯酸酯钠, 聚丙烯酸钠 硅灵, 地美司康, 二甲基硅酮, 二甲硅油, ... 棕榈酸, 16酸, 十六酸 硬脂酸, 18酸, 十八酸, 己基癸醇硬脂酸酯 트로메타민 丁二醇, 1, 3-丁二醇 卡波莫, 卡波姆, 聚羧乙烯, 卡波树脂 醋酸盐维他命E, 醋酸生育酚酯, 生育酚醋酸酯, ... 玻尿酸钠, 透明质酸钠, 玻璃酸钠 麦冬籽提取 莲花提取 地榆根提取 水解小米 黄原胶, 三仙胶, 山羊胶, 汉生胶 α异甲基紫罗酮, α-异甲基紫罗兰酮 己基肉桂醛, 己基桂醛 二丁基羟基甲苯, 丁羟甲苯, 丁基羟基甲苯 芳樟醇, 沈香醇 FD&C 色料 蓝色一号 "
Vital-Ice Cream,"水 甘油, 丙三醇 氢化聚异丁烯 丙二醇, 丙烯乙二醇, 1, 2-丙二醇 卡波姆钠 小黄瓜, 胡瓜 白茅, 河草根 香料, 香水, 香精, 香味 乙二胺四乙酸 丁二醇, 1, 3-丁二醇 聚乙二醇-8 光亮可乐果籽提取 醋酸盐维他命E, 醋酸生育酚酯, 生育酚醋酸酯, ... 棕榈酸维他命A, 维他命A酯, 棕榈酸视黄酯, ... 苯甲酸苯甲酯, 苯甲酸苄酯 维他命C磷酸镁盐, 维他命C磷酸镁, ... 苯氧乙醇, 苯氧基乙醇, 二苯氧基乙醇 聚山梨醇酯 20, 吐温20, 聚山梨醇酯-20 乙酯, 羟基苯甲酸乙酯, 羟苯乙酯, ... 羟乙基纤维素 二丁基羟基甲苯, 丁羟甲苯, 丁基羟基甲苯 "
Ultra Facial Overnight Hydrating Mask,"甘油, 丙三醇 三乙醇胺 角鲨烷 乙二胺四乙基二钠, 乙酸乙二胺二钠 辛乙二醇, 辛甘醇, 1, 2-辛二醇 卡波莫, 卡波姆, 聚羧乙烯, 卡波树脂 乳油木果脂, 雪亚脂, 乳木果, 乳油木, ... 苯氧乙醇, 苯氧基乙醇, 二苯氧基乙醇 氯苯甘醚 硅灵, 地美司康, 二甲基硅酮, 二甲硅油, ... 麦冬根提取 水 "
Ultra Rich Face Cream,"水 碳酸二辛酯 棕榈醇, 鲸蜡硬脂醇 山梨醣醇, 山梨糖醇, 山梨醇, 葡萄糖醇, ... 咯烷酮羧酸钠, 钠羟基皮酪烷酮, PCA 钠 PEG-100 硬脂酸酯 聚丙烯酰胺 苯氧乙醇, 苯氧基乙醇, 二苯氧基乙醇 鲸蜡硬脂醇聚醚-33 苯甲酸甲脂, 对羟基苯甲酸甲酯, 羟苯甲酯, ... C13-14 异烷烃, C13-14 异链烷烃 欧洲板栗 香料, 香水, 香精, 香味 苯甲酸钠, 安息香酸钠 生育醇, 生育酚, 维他命E, 维生素E, ... 月桂醇聚醚-7 黄原胶, 三仙胶, 山羊胶, 汉生胶 山梨酸, 己二烯酸 环己硅氧烷 乙酯, 羟基苯甲酸乙酯, 羟苯乙酯, ... 苯甲醇 对羟基苯甲酸异丁酯, 异对羟基苯甲酸丁酯, ... 苯甲酸苯甲酯, 苯甲酸苄酯 香茅醇 迷迭香 香豆素 丁苯基甲基丙醛 芳樟醇, 沈香醇 丁二醇, 1, 3-丁二醇 α甲基紫罗酮 柠檬油精, 柑橘皮粹取, 苎烯 "
Immortelle Divine Cream,"丁二醇, 1, 3-丁二醇 香料, 香水, 香精, 香味 香叶醇 月见草油, 夜樱草油 维他命C配糖体, 维生素C醣甘, 维他命C醣甘, ... 聚乙二醇 脱氢醋酸, 去水醋酸, 脱氢乙酸 醋酸盐维他命E, 醋酸生育酚酯, 生育酚醋酸酯, ... 라우릭애씨드 苯氧乙醇, 苯氧基乙醇, 二苯氧基乙醇 鲸蜡醇棕榈酸酯 柠檬酸钠, 枸橼酸钠 水解三色堇提取 聚山梨醇酯 60, 聚山梨醇酯-60 硅灵, 地美司康, 二甲基硅酮, 二甲硅油, ... 水杨酸苄酯 甘油亚油酸酯 硬脂酸, 18酸, 十八酸, 己基癸醇硬脂酸酯 义大利腊菊提取 洋蓝蓟根提取 辛酸/癸酸三酸甘油酯, 辛酸/癸酸甘油三酯, ... 소르비탄이소스테아레이트 香桃木油 玉米淀粉, 改性玉米淀粉 聚氨丙基双胍 蔗糖棕榈酸酯 鲸蜡醇, 棕榈醇, 十六醇, 16醇, ... 乙基己基甘油 亚麻荠籽油 安息香酸, 苯甲酸 水 洋芫荽, 欧芹 烃基安息香酸盐 "
Shea Light Comforting Cream,"芳樟醇, 沈香醇 辛基十二醇肉豆蔻酸酯 香茅醇 甘油, 丙三醇 氢化棕榈油甘油酯类 水 己基肉桂醛, 己基桂醛 卡波莫, 卡波姆, 聚羧乙烯, 卡波树脂 黄原胶, 三仙胶, 山羊胶, 汉生胶 柠檬油精, 柑橘皮粹取, 苎烯 苯甲醇 棕榈醇, 鲸蜡硬脂醇 香豆素 玉米淀粉, 改性玉米淀粉 苯甲酸苯甲酯, 苯甲酸苄酯 苯氧乙醇, 苯氧基乙醇, 二苯氧基乙醇 葵花籽油, 葵花油, 向日葵籽油 香料, 香水, 香精, 香味 "
Divine Eyes,"水 甘油, 丙三醇 洋蔷薇花水 辛酸/癸酸三酸甘油酯, 辛酸/癸酸甘油三酯, ... 棕榈醇, 鲸蜡硬脂醇 硅灵, 地美司康, 二甲基硅酮, 二甲硅油, ... 甘油硬脂酸, 硬脂酸甘油酯, 甘油硬脂酸酯 玻璃苣籽油 义大利腊菊花油 香桃木油 欧洲白蜡树树皮提取 荞麦籽提取 葵花籽油, 葵花油, 向日葵籽油 迷迭香叶提取 车前叶蓝蓟籽油 鲸蜡硬脂基葡糖苷 醋酸盐维他命E, 醋酸生育酚酯, 生育酚醋酸酯, ... 蔗糖棕榈酸酯 生育醇, 生育酚, 维他命E, 维生素E, ... PEG-100 硬脂酸酯 苯氧乙醇, 苯氧基乙醇, 二苯氧基乙醇 氯苯甘醚 卡波莫, 卡波姆, 聚羧乙烯, 卡波树脂 苯甲酸钠, 安息香酸钠 乙醇, 酒精 "
Crème Radiance Gentle Cleansing Creamy-Foam Cleanser,"水 十四烷脂肪酸, 肉豆蔻酸, 十四酸 氢氧化钾 棕榈酸, 16酸, 十六酸 甘油硬脂酸SE, 甘油硬脂酸酯 SE 椰油基-葡糖苷 二乙醇二硬脂酸, 乙二醇二硬脂酸酯, ... 香料, 香水, 香精, 香味 聚乙二醇-14M 莲花提取 柠檬油精, 柑橘皮粹取, 苎烯 水杨酸苄酯 芳樟醇, 沈香醇 苯甲醇 丙二醇, 丙烯乙二醇, 1, 2-丙二醇 乙二胺四乙基二钠, 乙酸乙二胺二钠 法国蔷薇 丁苯基甲基丙醛 "
MOUSSE RADIANCE Clarifying Self-Foaming Cleanser,"水 山梨醣醇, 山梨糖醇, 山梨醇, 葡萄糖醇, ... 甘油, 丙三醇 聚乙二醇-8 己二醇 月桂酸钾 肉豆蔻酸钾 凤梨 苯氧乙醇, 苯氧基乙醇, 二苯氧基乙醇 聚乙二醇-32 三乙醇胺 丙二醇, 丙烯乙二醇, 1, 2-丙二醇 木瓜, 番木瓜 乙二胺四乙基二钠, 乙酸乙二胺二钠 苯甲酸甲脂, 对羟基苯甲酸甲酯, 羟苯甲酯, ... 香料, 香水, 香精, 香味 "
Tonique Douceur Softening Hydrating Toner with Rose Water,"水 甘油, 丙三醇 柠檬酸钠, 枸橼酸钠 FD&C 色料 红色四号 苯甲酸钠, 安息香酸钠 苯氧乙醇, 苯氧基乙醇, 二苯氧基乙醇 피이지-60하이드로제네이티드캐스터오일 氯苯甘醚 芳樟醇, 沈香醇 苯甲醇 α异甲基紫罗酮, α-异甲基紫罗兰酮 香叶醇 洋蔷薇花水 乙二氨四醋酸四钠, 乙二胺四乙酸四钠, ... 柠檬酸 山梨酸钾, 己二稀酸钾, 己二烯酸钾 香茅醇 己二醇 香料, 香水, 香精, 香味 "
Aglow Cleansing Butter,"芳樟醇, 沈香醇 戊二醇, 1, 2-戊二醇 水 合成腊, 合成蜡 丁二醇, 1, 3-丁二醇 聚甘油-2 癸酸酯 乳油木果脂, 雪亚脂, 乳木果, 乳油木, ... 辛酸/癸酸三酸甘油酯, 辛酸/癸酸甘油三酯, ... 薰衣草油 聚甘油-2 倍半油酸酯 米糠油, 稻糠油 "
AHA/BHA Exfoliating Cleanser,"月桂醇聚醚硫酸酯钠盐, 十二烷基醚硫酸钠, ... 烷基酰胺甜菜硷, 椰油酰胺丙基甜菜碱 丁二醇, 1, 3-丁二醇 咯烷酮羧酸钠, 钠羟基皮酪烷酮, PCA 钠 维他命C磷酸钠盐, 抗坏血酸磷酸酯钠 甘醇酸, 羟基乙酸 水杨酸, 柳酸, B柔肤酸 聚季铵盐-4 氢氧化钠 氯化钠, 食盐 柠檬酸 乙二胺四乙基二钠, 乙酸乙二胺二钠 苯氧乙醇, 苯氧基乙醇, 二苯氧基乙醇 对羟基苯甲酸丙酯, 羟苯丙酯, 尼泊金丙酯, ... "
Advanced Active Radiance® Serum,"水 甘醇酸, 羟基乙酸 丁二醇, 1, 3-丁二醇 丙烯酸羟乙酯/丙烯酰二甲基牛磺酸钠共聚物 环戊硅氧烷, 聚硅氧化合物, 十甲基环五硅氧烷, ... 尿素, 碳酰二胺 酵母氨基酸类 海藻醣, 海藻糖 环己六醇, 肌醇 牛磺酸 甜菜硷, 三甲基甘氨酸, 甜菜碱, 甜菜碱 水解梨果仙人掌花提取 六肽-2 荷荷葩酯, 霍霍巴酯, 荷荷芭酯, 霍霍巴酯类 聚二甲基硅氧烷共聚物, 聚二甲基硅氧烷交联聚合物, ... 燕麦仁提取 四氢嘧啶, 渗透压补偿溶质, 四氢甲基嘧啶羧酸 生物素, 维生素H, 维生素B7, 辅酶R 木蜜醇, 甘露醇, 甘露糖醇 葡糖酸锌 醋酸盐维他命E, 醋酸生育酚酯, 生育酚醋酸酯, ... 棕榈酸异辛酯, 棕榈酸乙基己酯, 棕榈酸盐 二甲基甲硅烷基化硅石 玻尿酸钠, 透明质酸钠, 玻璃酸钠 脂溶性维他命C, 酯化C, 酯化维他命C, ... 抗坏血酸, 维他命C, 维生素C 脱乙酰壳多糖, 几丁聚糖, 壳聚醣 棓酸丙酯, 丙基没食子酸 月桂醇月桂酸酯 羟乙基山萮酰胺丙基二甲基氯化铵 PPG-26-丁醇聚醚-26 氢氧化钠 乙二胺四乙基二钠, 乙酸乙二胺二钠 苯氧乙醇, 苯氧基乙醇, 二苯氧基乙醇 辛乙二醇, 辛甘醇, 1, 2-辛二醇 柠檬油精, 柑橘皮粹取, 苎烯 FD&C 色料 黄色五号, 柠檬黄, 酒石黄 "
Essential-C Cleanser,"橘子, 甜橙, 广西沙柑 乙二氨四醋酸四钠, 乙二胺四乙酸四钠, ... 古蓬阿魏树脂油 稻米氨基酸类 棕榈酸维他命A, 维他命A酯, 棕榈酸视黄酯, ... 乳糖 丙烯酸/C10-30烷基丙烯酸聚合物, ... 赖氨酸月桂酰甲二磺酸盐 磷脂质, 磷脂 烷基酰胺甜菜硷, 椰油酰胺丙基甜菜碱 咯烷酮羧酸钠, 钠羟基皮酪烷酮, PCA 钠 醋酸盐维他命E, 醋酸生育酚酯, 生育酚醋酸酯, ... 橘子, 甜橙, 广西沙柑 三乙醇胺 脱乙酰壳多糖抗坏血酸盐 羟丙基甲基纤维素 纤维素 甘油, 丙三醇 尿囊素 水 聚山梨醇酯 20, 吐温20, 聚山梨醇酯-20 维生素原B5, 维他命原B5, 泛醇 苯氧乙醇, 苯氧基乙醇, 二苯氧基乙醇 罗勒提取, 罗勒, 九层塔 丁二醇, 1, 3-丁二醇 氧化铁 柠檬油精, 柑橘皮粹取, 苎烯 天冬氨酸锌 柚皮油, 橙皮油 "
Hydro-Dynamic® Ultimate Moisture,"水 C12-15 烷醇苯甲酸酯, ... 辛酸/癸酸三酸甘油酯, 辛酸/癸酸甘油三酯, ... 甘油, 丙三醇 葵花籽油, 葵花油, 向日葵籽油 丁二醇, 1, 3-丁二醇 甘油硬脂酸, 硬脂酸甘油酯, 甘油硬脂酸酯 碳酸二辛酯 乳油木果脂, 雪亚脂, 乳木果, 乳油木, ... 鲸蜡醇, 棕榈醇, 十六醇, 16醇, ... 乙氧基乙二醇, 乙氧基二甘醇 苯基三甲基聚硅氧烷, 苯基聚三甲基硅氧烷 燕麦 酵母, 酵母菌胞溶产物, 酵母提取 藻提取 野生大豆, 野大豆 玉米淀粉, 改性玉米淀粉 酪梨油, 酪梨, 鳄梨, 牛油果 玻尿酸钠, 透明质酸钠, 玻璃酸钠 甘草酸钾, 甘草酸二钾盐, 甘草酸二钾 脂溶性维他命C, 酯化C, 酯化维他命C, ... 醋酸盐维他命E, 醋酸生育酚酯, 生育酚醋酸酯, ... 亚麻仁油酸, 亚麻油酸, 亚油酸 磷脂质, 磷脂 聚山梨醇酯 60, 聚山梨醇酯-60 丙烯酰胺/丙烯酰基二甲基牛磺酸钠共聚物 异十六烷 维生素原B5, 维他命原B5, 泛醇 霍霍巴油酸钾 聚乙二醇-8 油酸己六酯, 失水山梨醇油酸酯, 山梨坦油酸酯 鲸蜡硬脂基聚硅氧烷, 鲸蜡硬脂基聚甲基硅氧烷 硅灵, 地美司康, 二甲基硅酮, 二甲硅油, ... 棕榈酸维他命A, 维他命A酯, 棕榈酸视黄酯, ... 二丁基羟基甲苯, 丁羟甲苯, 丁基羟基甲苯 氯苯甘醚 苯氧乙醇, 苯氧基乙醇, 二苯氧基乙醇 "
Post-Acne Spot Lightening Gel,"水 变性酒精, 变性乙醇, SD 乙醇 40, ... 甘醇酸, 羟基乙酸 丁二醇, 1, 3-丁二醇 甘油, 丙三醇 库拉索芦荟叶汁 白柳树皮, 白柳 卵燐脂, 卵磷脂, 磷脂酰胆硷 生育醇, 生育酚, 维他命E, 维生素E, ... 葡萄籽萃取 稻米氨基酸类 脱乙酰壳多糖抗坏血酸盐 赖氨酸月桂酰甲二磺酸盐 天冬氨酸锌 尿囊素 白千层, 瓶刷子树, 白油树, 茶树, ... 甘草酸钾, 甘草酸二钾盐, 甘草酸二钾 聚季铵盐-10 PEG-40 氢化篦麻油, PEG-40氢化蓖麻油 乙二氨四醋酸四钠, 乙二胺四乙酸四钠, ... 氢氧化钠 "
Anti-Aging Moisturizer SPF 30 PA+++,"脱乙酰壳多糖, 几丁聚糖, 壳聚醣 海藻醣, 海藻糖 참깨추출물 乙二胺四乙基二钠, 乙酸乙二胺二钠 甘油硬脂酸, 硬脂酸甘油酯, 甘油硬脂酸酯 甜菜硷, 三甲基甘氨酸, 甜菜碱, 甜菜碱 抗坏血酸棕榈酸酯, 维他命C棕榈酸酯 帕索 1789, 丁基甲氧基二苯甲酰基甲烷 香料, 香水, 香精, 香味 氯苯甘醚 锯叶棕果提取 苯氧乙醇, 苯氧基乙醇, 二苯氧基乙醇 糖海带提取 互生叶白千层叶油, 白千层叶油, 茶树叶油 棓酸丙酯, 丙基没食子酸 环己六醇, 肌醇 丙烯酸羟乙酯/丙烯酰二甲基牛磺酸钠共聚物 氨甲基丙醇 葡糖酸锌 甲基水杨醇, 胡莫柳酯 桂皮酸盐, 4-甲氧基肉桂酸-2-乙基己基酯, ... 香叶醇 楔基海带提取 黄原胶, 三仙胶, 山羊胶, 汉生胶 硅石, 石英, 二氧化硅 鲸蜡醇, 棕榈醇, 十六醇, 16醇, ... 玻尿酸钠, 透明质酸钠, 玻璃酸钠 硅灵, 地美司康, 二甲基硅酮, 二甲硅油, ... 香茅醇 磷脂质, 磷脂 长角豆 羟乙基纤维素 聚乙烯吡咯烷酮 PEG-100 硬脂酸酯 聚酯-8 巨藻提取 甘油, 丙三醇 红茶培养物 柠檬油精, 柑橘皮粹取, 苎烯 醋酸盐维他命E, 醋酸生育酚酯, 生育酚醋酸酯, ... "
Renewing Eye Cream,"荷荷葩酯, 霍霍巴酯, 荷荷芭酯, 霍霍巴酯类 二氧化钛 聚季铵盐-51 双-二甘油多脂酰己二酸酯-2, ... 二胜肽, 二肽-2 大豆蛋白 氧化铁 水 硅石, 石英, 二氧化硅 维生素原B5, 维他命原B5, 泛醇 硬脂酸, 18酸, 十八酸, 己基癸醇硬脂酸酯 野生大豆, 野大豆 对羟基苯甲酸丙酯, 羟苯丙酯, 尼泊金丙酯, ... 聚山梨醇酯 20, 吐温20, 聚山梨醇酯-20 辛酸/癸酸三酸甘油酯, 辛酸/癸酸甘油三酯, ... 硬脂醇聚醚-20, 硬脂醇聚氧乙烯醚(20) 月见草油, 夜樱草油 PEG-100 硬脂酸酯 橙皮甲基苯基苯乙烯酮, 橙皮苷甲基查尔酮 苯氧乙醇, 苯氧基乙醇, 二苯氧基乙醇 琉璃苣提取, 琉璃苣 五环多肽, 五胜肽, 五胜月太, ... 辛酸/癸酸/肉豆蔻酸/硬脂酸甘油三酯 鲸蜡醇, 棕榈醇, 十六醇, 16醇, ... A醇, 视黄醇, 维生素A醇, 维他命A醇 咯烷酮羧酸钠, 钠羟基皮酪烷酮, PCA 钠 油醇 氨甲基丙醇 鲸蜡磷酸酯, 鲸蜡醇磷酸酯 柠檬酸三辛酯 山药, 薯蓣, 长柔毛薯蓣 "
Clarifying Body Spray,"水 变性酒精, 变性乙醇, SD 乙醇 40, ... PEG-40 氢化篦麻油, PEG-40氢化蓖麻油 菸硷胺, 菸酰胺, 烟酰胺, 菸硷酰酸 尿囊素 甘油, 丙三醇 埃及蓝睡莲花提取 维生素原B5, 维他命原B5, 泛醇 水杨酸, 柳酸, B柔肤酸 甘醇酸, 羟基乙酸 薄荷脑, 薄荷醇 醋酸盐维他命E, 醋酸生育酚酯, 生育酚醋酸酯, ... 氢氧化钠 烷基酰胺甜菜硷, 椰油酰胺丙基甜菜碱 "
Essential-C Toner,"丁二醇, 1, 3-丁二醇 葡萄柚, 柚子, 柚 二苯酮-4 脱乙酰壳多糖抗坏血酸盐 磷脂质, 磷脂 PEG-40 氢化篦麻油, PEG-40氢化蓖麻油 橘子, 甜橙, 广西沙柑 乙二胺四乙基二钠, 乙酸乙二胺二钠 山梨醣醇, 山梨糖醇, 山梨醇, 葡萄糖醇, ... 苯甲酸甲脂, 对羟基苯甲酸甲酯, 羟苯甲酯, ... 金缕梅, 金镂梅, 北美金缕梅 丝氨酸, 丝胺酸 罗勒提取, 罗勒, 九层塔 咯烷酮羧酸钠, 钠羟基皮酪烷酮, PCA 钠 甜菜硷, 三甲基甘氨酸, 甜菜碱, 甜菜碱 水 麸氨酸, 麸胺酸, 谷氨酸, 谷氨酸 棕榈酸维他命A, 维他命A酯, 棕榈酸视黄酯, ... 聚天冬氨酸钠, 合成聚天冬氨酸钠 脯氨酸 白松香 离氨酸, 离胺酸, 赖氨酸 苯氧乙醇, 苯氧基乙醇, 二苯氧基乙醇 聚季铵盐-4 柠檬酸 羽扇豆氨基酸类 橘子, 甜橙, 广西沙柑 赖氨酸月桂酰甲二磺酸盐 抗坏血酸棕榈酸酯, 维他命C棕榈酸酯 "
Clarifying Toner,"海藻, 海藻粹取物, 藻 甘油, 丙三醇 苯甲酸甲脂, 对羟基苯甲酸甲酯, 羟苯甲酯, ... 香料, 香水, 香精, 香味 "
Renewing Cleansing Cream,"甘油, 丙三醇 鲸蜡醇, 棕榈醇, 十六醇, 16醇, ... 香橼 杏核油, 杏仁油, 杏桃仁油 山梨醣醇, 山梨糖醇, 山梨醇, 葡萄糖醇, ... 苯氧乙醇, 苯氧基乙醇, 二苯氧基乙醇 山布枯叶油 月见草油, 夜樱草油 丁二醇, 1, 3-丁二醇 二苯酮-4 木瓜, 番木瓜 甘油硬脂酸SE, 甘油硬脂酸酯 SE 德国洋甘菊萃取 水 硬脂酸, 18酸, 十八酸, 己基癸醇硬脂酸酯 橘子, 甜橙, 广西沙柑 花梨木 椰油酰羟乙磺酸钠, 椰油基羟乙基磺酸钠, ... 鲱鱼油, 鲱油 藻提取 白茅, 河草根 玻尿酸钠, 透明质酸钠, 玻璃酸钠 大豆油, 黄豆油 维生素原B5, 维他命原B5, 泛醇 莱姆, 来檬 "
Rapid Collagen Infusion,"水 聚甲基硅倍半氧烷 甘油, 丙三醇 戊二醇, 1, 2-戊二醇 新戊二醇己二酸酯, 新戊二醇二(乙基己酸)酯 硬脂酸, 18酸, 十八酸, 己基癸醇硬脂酸酯 橄榄油鲸蜡醇酯, 橄榄油山梨醇脂, ... 聚二甲基硅氧烷/双-异丁基PPG-20 交联聚合物 橄榄油鲸蜡醇酯, 橄榄油山梨醇脂, ... 丁二醇, 1, 3-丁二醇 蜂蜜 尿素, 碳酰二胺 酵母氨基酸类 海藻醣, 海藻糖 环己六醇, 肌醇 牛磺酸 甜菜硷, 三甲基甘氨酸, 甜菜碱, 甜菜碱 辛酸/癸酸三酸甘油酯, 辛酸/癸酸甘油三酯, ... 翅菜 棕榈酰三肽-5 氢化橄榄油, 未皂化橄榄油 橄榄油, 橄榄果油, 油橄榄果壳油 油橄榄油不皂化物 玻尿酸钠, 透明质酸钠, 玻璃酸钠 胶原氨基酸类 西瓜果提取 苹果果提取 醋酸盐维他命E, 醋酸生育酚酯, 生育酚醋酸酯, ... 乳酸钠 抗坏血酸, 维他命C, 维生素C 脱乙酰壳多糖, 几丁聚糖, 壳聚醣 棓酸丙酯, 丙基没食子酸 聚山梨醇酯 20, 吐温20, 聚山梨醇酯-20 丙烯酸/C10-30烷基丙烯酸聚合物, ... 氨甲基丙醇 乙二胺二琥珀酸三钠 乙二胺四乙基二钠, 乙酸乙二胺二钠 辛乙二醇, 辛甘醇, 1, 2-辛二醇 氯苯甘醚 芳樟醇, 沈香醇 白花春黄菊花提取 白花春黄菊花油 薰衣草油 "
Advanced Acne & Wrinkle Reducer,"辛乙二醇, 辛甘醇, 1, 2-辛二醇 柠檬酸 聚乙烯吡咯烷酮 水解玉米淀粉 咯烷酮羧酸钠, 钠羟基皮酪烷酮, PCA 钠 硅灵, 地美司康, 二甲基硅酮, 二甲硅油, ... 水解玉米淀粉辛烯基琥珀酸酯 甘醇酸, 羟基乙酸 二甲基甲硅烷基化硅石 羟乙基纤维素 酵母, 酵母菌胞溶产物, 酵母提取 椰油酰胺丙基二甲胺 葡糖酸锌 芳樟醇, 沈香醇 醋酸盐维他命E, 醋酸生育酚酯, 生育酚醋酸酯, ... 酵母氨基酸类 氯苯甘醚 脱乙酰壳多糖, 几丁聚糖, 壳聚醣 玉米淀粉, 改性玉米淀粉 乳酸钠 水解小麦蛋白 水杨酸, 柳酸, B柔肤酸 环己六醇, 肌醇 水 氢氧化钠 棕榈酸异辛酯, 棕榈酸乙基己酯, 棕榈酸盐 甜菜硷, 三甲基甘氨酸, 甜菜碱, 甜菜碱 柠檬油精, 柑橘皮粹取, 苎烯 互生叶白千层叶油, 白千层叶油, 茶树叶油 棓酸丙酯, 丙基没食子酸 香叶醇 甘油, 丙三醇 丁二醇, 1, 3-丁二醇 咖啡因 甘油硬脂酸, 硬脂酸甘油酯, 甘油硬脂酸酯 西瓜果提取 橄榄油鲸蜡醇酯, 橄榄油山梨醇脂, ... 棕榈酸维他命A, 维他命A酯, 棕榈酸视黄酯, ... ... 藻提取 辛酸/癸酸三酸甘油酯, 辛酸/癸酸甘油三酯, ... 橄榄油鲸蜡醇酯, 橄榄油山梨醇脂, ... PPG-26-丁醇聚醚-26 苯氧乙醇, 苯氧基乙醇, 二苯氧基乙醇 聚山梨醇酯 80, 聚山梨醇酯-80 PEG-40 氢化篦麻油, PEG-40氢化蓖麻油 鲸蜡醇, 棕榈醇, 十六醇, 16醇, ... 硫磺, 硫磺粉 海藻醣, 海藻糖 辅脢 A, 辅酶 A "
Essential-C Eye Cream SPF 15 PA++,"水 丁二醇, 1, 3-丁二醇 双-二甘油多脂酰己二酸酯-2, ... 狭翅娑罗双籽脂 鲸蜡醇, 棕榈醇, 十六醇, 16醇, ... 甘油硬脂酸, 硬脂酸甘油酯, 甘油硬脂酸酯 硬脂酸, 18酸, 十八酸, 己基癸醇硬脂酸酯 硅灵, 地美司康, 二甲基硅酮, 二甲硅油, ... 鲸蜡磷酸酯, 鲸蜡醇磷酸酯 稻米氨基酸类 尿素, 碳酰二胺 海藻醣, 海藻糖 甜菜硷, 三甲基甘氨酸, 甜菜碱, 甜菜碱 辛酸/癸酸三酸甘油酯, 辛酸/癸酸甘油三酯, ... 总状升麻根提取 咖啡因 硅氧烷三醇藻酸酯 甲基硅烷醇甘露糖醛酸酯, 露醣醛脂硅烷醇C 磷脂质, 磷脂 醋酸盐维他命E, 醋酸生育酚酯, 生育酚醋酸酯, ... 棕榈酸维他命A, 维他命A酯, 棕榈酸视黄酯, ... 抗坏血酸棕榈酸酯, 维他命C棕榈酸酯 维生素原B5, 维他命原B5, 泛醇 聚酯-8 卡波莫, 卡波姆, 聚羧乙烯, 卡波树脂 氨甲基丙醇 乙二胺四乙基二钠, 乙酸乙二胺二钠 苯氧乙醇, 苯氧基乙醇, 二苯氧基乙醇 辛乙二醇, 辛甘醇, 1, 2-辛二醇 氯苯甘醚 二氧化钛 氧化铁 "
Resurgence Age-Balancing Night Cream,"水 丁二醇, 1, 3-丁二醇 鲸蜡硬脂醇辛酸酯, 辛酸十六酯, 鲸蜡辛酸, ... 双甘油 酪梨油, 酪梨, 鳄梨, 牛油果 油醇 甘油, 丙三醇 硬脂酸, 18酸, 十八酸, 己基癸醇硬脂酸酯 PEG-100 硬脂酸酯 红车轴草花提取 鲸蜡磷酸酯, 鲸蜡醇磷酸酯 尿素, 碳酰二胺 海藻醣, 海藻糖 环己六醇, 肌醇 牛磺酸 甜菜硷, 三甲基甘氨酸, 甜菜碱, 甜菜碱 长柔毛薯蓣根提取 大豆蛋白 燕麦仁提取 卵燐脂, 卵磷脂, 磷脂酰胆硷 鲱鱼油, 鲱油 A醇, 视黄醇, 维生素A醇, 维他命A醇 辛酸/癸酸三酸甘油酯, 辛酸/癸酸甘油三酯, ... 锯叶棕果提取 玻璃苣籽油 月见草油, 夜樱草油 维他命C磷酸钠盐, 抗坏血酸磷酸酯钠 醋酸盐维他命E, 醋酸生育酚酯, 生育酚醋酸酯, ... 咯烷酮羧酸钠, 钠羟基皮酪烷酮, PCA 钠 维生素原B5, 维他命原B5, 泛醇 生育醇, 生育酚, 维他命E, 维生素E, ... 抗坏血酸棕榈酸酯, 维他命C棕榈酸酯 氨甲基丙醇 乙二胺四乙基二钠, 乙酸乙二胺二钠 苯氧乙醇, 苯氧基乙醇, 二苯氧基乙醇 苯甲酸甲脂, 对羟基苯甲酸甲酯, 羟苯甲酯, ... 对羟基苯甲酸丙酯, 羟苯丙酯, 尼泊金丙酯, ... 柠檬油精, 柑橘皮粹取, 苎烯 芳樟醇, 沈香醇 来檬油 苦扁桃仁油, 苦杏仁油 山布枯叶油 大豆油, 黄豆油 "
Hydrating Toner,"甘油, 丙三醇 PPG-26-丁醇聚醚-26 苯甲醇 聚山梨醇酯 20, 吐温20, 聚山梨醇酯-20 山梨酸钾, 己二稀酸钾, 己二烯酸钾 变性酒精, 变性乙醇, SD 乙醇 40, ... 香料, 香水, 香精, 香味 葡萄籽油 柠檬酸 桃 "
Refreshing Cleanser,"吉拉索芦荟, 库拉索芦荟, 翠叶芦荟, 洋芦荟, ... 甘油, 丙三醇 洋甘菊, 罗马洋甘菊, 母菊, 白花春黄菊, ... 茉莉花 月桂酰胺 DEA 果酸, α羟基酸, α氢氧酸 棕榈酸维他命A, 维他命A酯, 棕榈酸视黄酯, ... 对羟基苯甲酸丙酯, 羟苯丙酯, 尼泊金丙酯, ... 无符合资料 "
Gel Primer 24K Gold Complex - Firm,"乙基己基甘油 水解透明质酸 羟乙基纤维素 苯氧乙醇, 苯氧基乙醇, 二苯氧基乙醇 海藻, 海藻粹取物, 藻 卡波莫, 卡波姆, 聚羧乙烯, 卡波树脂 麦芽糖煳精, 麦芽煳精 氢氧化钠 氯化钠, 食盐 二甲氨基乙醇, 二甲基乙醇胺, 二甲基 MEA 乌头叶豇豆籽提取 硫辛酸, 琉辛酸, α－硫辛酸 1, 3-丙二醇 四胜肽棕榈酸酯, 棕榈酰四肽-3 海藻醣, 海藻糖 棕榈酰三肽-1 水 硫酸镁 "
Thermal Cleansing Balm,"鲸蜡硬脂基辛酸酯, 鲸蜡硬脂醇乙基己酸酯 甘油硬脂酸, 硬脂酸甘油酯, 甘油硬脂酸酯 硬脂醇庚酸酯 荷荷葩油, 荷荷巴油, 荷荷芭油, 霍霍巴油, ... 角鲨烷 蜂蜡, 蜜蜡, 白蜂蜡 聚山梨醇酯 20, 吐温20, 聚山梨醇酯-20 杏核油, 杏仁油, 杏桃仁油 棕榈醇, 鲸蜡硬脂醇 苯氧乙醇, 苯氧基乙醇, 二苯氧基乙醇 苯甲醇 香料, 香水, 香精, 香味 生育醇, 生育酚, 维他命E, 维生素E, ... 水 天冬氨酸镁 葡糖酸铜 "
Rejuvenating Night Cream,"纯水, 纯化水 甘草酸钠 丁二醇, 1, 3-丁二醇 辅脢Q10, 辅酶Q10, 泛醌 硬脂酸, 18酸, 十八酸, 己基癸醇硬脂酸酯 双甘油 葡萄糖 十八烷醇, 十八醇, 硬脂醇 苯甲酸甲脂, 对羟基苯甲酸甲酯, 羟苯甲酯, ... 乙酯, 羟基苯甲酸乙酯, 羟苯乙酯, ... 对羟基苯甲酸丙酯, 羟苯丙酯, 尼泊金丙酯, ... 硅灵, 地美司康, 二甲基硅酮, 二甲硅油, ... 丝氨酸, 丝胺酸 亚麻酸 精油 香料, 香水, 香精, 香味 "
Reviving Eye Cream,"水 环戊硅氧烷, 聚硅氧化合物, 十甲基环五硅氧烷, ... 桂皮酸盐, 4-甲氧基肉桂酸-2-乙基己基酯, ... 甘油, 丙三醇 氧化锌 棕榈醇, 鲸蜡硬脂醇 辛酸/癸酸三酸甘油酯, 辛酸/癸酸甘油三酯, ... 丙烯酰二甲基牛磺酸铵/VP 共聚物 PEG-100 硬脂酸酯 醋酸盐维他命E, 醋酸生育酚酯, 生育酚醋酸酯, ... 菸硷胺, 菸酰胺, 烟酰胺, 菸硷酰酸 异构亚油酸, 异构化亚油酸 鲸蜡醇, 棕榈醇, 十六醇, 16醇, ... 丙烯酸(酯)类交联聚合物 胆甾醇 异十六烷 硬脂酸, 18酸, 十八酸, 己基癸醇硬脂酸酯 硅灵, 地美司康, 二甲基硅酮, 二甲硅油, ... 云母 三乙氧基辛基硅烷 丁二醇, 1, 3-丁二醇 氧化锡 二羟甲基二甲基乙内酰脲, DMDM 乙内酰脲 碘代丙炔基氨基甲酸丁, 碘丙炔醇丁基氨甲酸酯, ... 红色氧化铁 "
Eye Doctor Moisture Care For Skin Around Eyes,"树脂 吕宋橄榄叶提取 水杨酸苄酯 柠檬油精, 柑橘皮粹取, 苎烯 积雪草提取 茶叶提取 星芒杉藻提取 钩沙菜提取 黄瓜果提取 迷迭香提取 人参根提取 生育酚亚油酸酯/油酸酯 咖啡因 蓖麻油酸盐抗醇, 鲸蜡醇蓖麻油酸酯 PEG-100 硬脂酸酯 硬脂醇聚醚-20, 硬脂醇聚氧乙烯醚(20) 비스-피이지-18메칠에텔디메칠실란 甘油, 丙三醇 硅灵, 地美司康, 二甲基硅酮, 二甲硅油, ... 卡波莫, 卡波姆, 聚羧乙烯, 卡波树脂 棕榈醇, 鲸蜡硬脂醇 辛乙二醇, 辛甘醇, 1, 2-辛二醇 肉豆蔻醇 己二醇 乙二胺四乙基二钠, 乙酸乙二胺二钠 苯氧乙醇, 苯氧基乙醇, 二苯氧基乙醇 "
Plantscription Anti-Aging Cleanser,"十四烷脂肪酸, 肉豆蔻酸, 十四酸 山嵛酸 棕榈酸, 16酸, 十六酸 月桂酸, 12酸, 十二酸 薰衣草油 香天竺葵, 香叶天竺葵 大茴香 红花油, 红花籽油 橘子, 甜橙, 广西沙柑 广西沙柑果皮油 山鸡椒果油 黄葵提取 芳樟醇, 沈香醇 柠檬油精, 柑橘皮粹取, 苎烯 光滑果榆绿木树皮提取 库拉索芦荟叶提取 月桂酰燕麦氨基酸钠 PEG-3 二硬脂酸酯 玻尿酸钠, 透明质酸钠, 玻璃酸钠 植烷三醇 苯氧乙醇, 苯氧基乙醇, 二苯氧基乙醇 "
Zero Oil Pore Purifying Toner,"药鼠尾草叶水 变性酒精, 变性乙醇, SD 乙醇 40, ... 甘油, 丙三醇 香橼 橘子, 甜橙, 广西沙柑 薰衣草, 真正薰衣草 依兰香水树, 依兰花, 依兰, 依兰依兰, ... 柠檬醛 芳樟醇, 沈香醇 苯甲酸苯甲酯, 苯甲酸苄酯 水杨酸苄酯 柠檬油精, 柑橘皮粹取, 苎烯 锯叶棕 糖海带提取 水杨酸, 柳酸, B柔肤酸 库拉索芦荟叶汁 百金花 凤仙花 酵母, 酵母菌胞溶产物, 酵母提取 三烯生育醇, 生育酚类 丁二醇, 1, 3-丁二醇 柠檬酸钠, 枸橼酸钠 乙二胺四乙基二钠, 乙酸乙二胺二钠 "
A Perfect World Age-Defense Treatment Lotion with White Tea,"柠檬醛 香橼果皮油 维他命C磷酸镁盐, 维他命C磷酸镁, ... 醋酸盐维他命E, 醋酸生育酚酯, 生育酚醋酸酯, ... 海藻醣, 海藻糖 突厥蔷薇提取 苯甲酸钠, 安息香酸钠 苯氧乙醇, 苯氧基乙醇, 二苯氧基乙醇 甘油, 丙三醇 水 丁二醇, 1, 3-丁二醇 己二醇 留兰香叶油 香柠檬果油 精油 茶叶提取 甜橙油 嗜热栖热菌发酵产物 白鸢尾根提取 山梨醣醇, 山梨糖醇, 山梨醇, 葡萄糖醇, ... 磷酸二氢钠 芳樟醇, 沈香醇 辛乙二醇, 辛甘醇, 1, 2-辛二醇 "
Maskimizer Skin-Optimizing Mask Primer,"丁二醇, 1, 3-丁二醇 甘油, 丙三醇 四氢嘧啶, 渗透压补偿溶质, 四氢甲基嘧啶羧酸 藻提取 茶 "
No:Rinse DMAE Firming Pads,"柠檬油精, 柑橘皮粹取, 苎烯 柠檬醛 鲸蜡醇棕榈酸酯 鲸蜡硬脂醇异壬酸酯 鲸蜡硬脂醇聚醚-20, 鲸蜡硬脂醇醚-20 香料, 香水, 香精, 香味 戊二醇, 1, 2-戊二醇 苯氧乙醇, 苯氧基乙醇, 二苯氧基乙醇 棕榈醇, 鲸蜡硬脂醇 乙二胺四乙基二钠, 乙酸乙二胺二钠 香茅醇 尿囊素 咯烷酮羧酸钠, 钠羟基皮酪烷酮, PCA 钠 甘油硬脂酸, 硬脂酸甘油酯, 甘油硬脂酸酯 "
Anti-Aging Cleansing Gel,"小叶椴, 欧洲椴 尿囊素 甘醇酸, 羟基乙酸 苯甲酸甲脂, 对羟基苯甲酸甲酯, 羟苯甲酯, ... 二丁基羟基甲苯, 丁羟甲苯, 丁基羟基甲苯 椰油基-葡糖苷 季铵盐-10 白栎 月桂醇聚醚硫酸酯钠盐, 十二烷基醚硫酸钠, ... 菩提花提取液, 椴树 柠檬酸 香橼 丙二醇, 丙烯乙二醇, 1, 2-丙二醇 水杨酸, 柳酸, B柔肤酸 FD&C 色料 黄色五号, 柠檬黄, 酒石黄 水杨酸, 柳酸, B柔肤酸 丁羟甲醚, 丁基化羟基茴香醚 "
Retinol Fusion PM,"环戊硅氧烷, 聚硅氧化合物, 十甲基环五硅氧烷, ... 角鲨烷 抗坏血酸棕榈酸酯, 维他命C棕榈酸酯 生育醇, 生育酚, 维他命E, 维生素E, ... 水 戊二醇, 1, 2-戊二醇 聚山梨醇酯 20, 吐温20, 聚山梨醇酯-20 卵燐脂, 卵磷脂, 磷脂酰胆硷 甜没药, 没药醇, 比萨波醇, 红没药醇, ... 乙醇, 酒精 "
Instant FIRMx Eye,"甘油, 丙三醇 丁二醇, 1, 3-丁二醇 氟硅酸镁钠 硅酸镁铝, 镁铝硅酸盐, 硅酸铝镁 聚合草叶提取 茴香 紫花苜蓿 刺阿干树仁提取 金钮扣花提取 水解羽扇豆蛋白 四胜肽棕榈酸酯, 棕榈酰四肽-3 二胜肽, 二肽-2 维生素原B5, 维他命原B5, 泛醇 醋酸盐维他命E, 醋酸生育酚酯, 生育酚醋酸酯, ... 棕榈酸维他命A, 维他命A酯, 棕榈酸视黄酯, ... 抗坏血酸棕榈酸酯, 维他命C棕榈酸酯 磷脂质, 磷脂 鹿角菜胶, 爱尔兰海藻, 爱尔兰苔, 角叉菜, ... 橙皮甲基苯基苯乙烯酮, 橙皮苷甲基查尔酮 硬脂醇聚醚-20, 硬脂醇聚氧乙烯醚(20) 辛酸/癸酸三酸甘油酯, 辛酸/癸酸甘油三酯, ... 二丁基羟基甲苯, 丁羟甲苯, 丁基羟基甲苯 苯氧乙醇, 苯氧基乙醇, 二苯氧基乙醇 对羟基苯甲酸丙酯, 羟苯丙酯, 尼泊金丙酯, ... 乙酯, 羟基苯甲酸乙酯, 羟苯乙酯, ... 丁酯, 对羟基苯甲酸丁酯, 羟苯丁酯, ... "
Instant Firmx,"丁二醇, 1, 3-丁二醇 甘油, 丙三醇 硅酸钠, 硅酸盐 硅酸镁铝, 镁铝硅酸盐, 硅酸铝镁 尿素, 碳酰二胺 重氮烷基咪唑脲, 双咪唑烷基脲, 极美II, ... 聚合草叶提取 茴香 维生素原B5, 维他命原B5, 泛醇 醋酸盐维他命E, 醋酸生育酚酯, 生育酚醋酸酯, ... 棕榈酸维他命A, 维他命A酯, 棕榈酸视黄酯, ... 抗坏血酸棕榈酸酯, 维他命C棕榈酸酯 磷脂质, 磷脂 鹿角菜胶, 爱尔兰海藻, 爱尔兰苔, 角叉菜, ... 乙二胺四乙基二钠, 乙酸乙二胺二钠 苯甲酸甲脂, 对羟基苯甲酸甲酯, 羟苯甲酯, ... 对羟基苯甲酸丙酯, 羟苯丙酯, 尼泊金丙酯, ... 乙酯, 羟基苯甲酸乙酯, 羟苯乙酯, ... 丁酯, 对羟基苯甲酸丁酯, 羟苯丁酯, ... 对羟基苯甲酸异丁酯, 异对羟基苯甲酸丁酯, ... "
AHA/BHA Acne Clearing Gel,"水杨酸, 柳酸, B柔肤酸 水 变性酒精, 变性乙醇, SD 乙醇 40, ... 甘醇酸, 羟基乙酸 甘油, 丙三醇 羟乙基纤维素 氢氧化氨, 氢氧化铵 丙二醇, 丙烯乙二醇, 1, 2-丙二醇 苯甲酸甲脂, 对羟基苯甲酸甲酯, 羟苯甲酯, ... 重氮烷基咪唑脲, 双咪唑烷基脲, 极美II, ... "
Ultimate Miracle Worker Night,"水 异壬酸异壬酯, 蚕丝油 甘油, 丙三醇 变性酒精, 变性乙醇, SD 乙醇 40, ... 硬脂醇聚醚-21 聚丙烯酸酯交联聚合物-6 环戊硅氧烷, 聚硅氧化合物, 十甲基环五硅氧烷, ... 环己硅氧烷 比菲德氏菌, 双叉乳桿菌, 二裂酵母发酵产物滤液, ... 甘油硬脂酸, 硬脂酸甘油酯, 甘油硬脂酸酯 PEG-100 硬脂酸酯 柠檬酸 丙烯酰二甲基牛磺酸铵/VP 共聚物 白鸢尾根提取 丙烯酸/C10-30烷基丙烯酸聚合物, ... 黄原胶, 三仙胶, 山羊胶, 汉生胶 大豆油, 黄豆油 乙醇, 酒精 卵燐脂, 卵磷脂, 磷脂酰胆硷 香料, 香水, 香精, 香味 腺苷 羧甲基纤维素, 纤维素胶, 酶水解纤维素胶, ... 聚乙二醇-8 聚山梨醇酯 20, 吐温20, 聚山梨醇酯-20 二丁基羟基甲苯, 丁羟甲苯, 丁基羟基甲苯 脱乙酰壳多糖, 几丁聚糖, 壳聚醣 乙基己基甘油 甘醇酸, 羟基乙酸 油酸己六酯, 失水山梨醇油酸酯, 山梨坦油酸酯 生育醇, 生育酚, 维他命E, 维生素E, ... 柠檬油精, 柑橘皮粹取, 苎烯 抗坏血酸棕榈酸酯, 维他命C棕榈酸酯 磷酸钾 茶叶提取 水黄皮籽提取 异丙醇 圆叶当归根提取 苦橙果皮提取 麦芽糖煳精, 麦芽煳精 硅酸镁铝, 镁铝硅酸盐, 硅酸铝镁 乳酸 抗坏血酸, 维他命C, 维生素C 辛乙二醇, 辛甘醇, 1, 2-辛二醇 菌类植物胶, 小核菌胶 山梨酸, 己二烯酸 杏核油, 杏仁油, 杏桃仁油 1, 3-丙二醇 戊二醇, 1, 2-戊二醇 羟乙基哌嗪乙烷磺酸 硅石, 石英, 二氧化硅 藻胶, 藻酸钠, 水解藻胶 合成氟金云母 氢氧化钠 葵花籽油, 葵花油, 向日葵籽油 硫酸月桂酸钠, 烷基硫酸盐, 月桂酰醚硫酸钠, ... 角鲨烯, 鲨烯 二氧化钛 氧化铁 "
Help Me,"水 辛酸/癸酸三酸甘油酯, 辛酸/癸酸甘油三酯, ... 甘油, 丙三醇 C10-30 酸胆甾醇/羊毛甾醇混合酯 蓖麻油酸盐抗醇, 鲸蜡醇蓖麻油酸酯 鲸蜡醇, 棕榈醇, 十六醇, 16醇, ... 硅灵, 地美司康, 二甲基硅酮, 二甲硅油, ... 苯甲醇 硅灵, 环聚二甲基硅氧烷, 环甲硅脂, ... A醇, 视黄醇, 维生素A醇, 维他命A醇 抗坏血酸棕榈酸酯, 维他命C棕榈酸酯 甲基丙烯酸甲酯/乙二醇双甲基丙烯酸酯交联聚合物 硬脂酸, 18酸, 十八酸, 己基癸醇硬脂酸酯 PEG-10 大豆甾醇 苯氧乙醇, 苯氧基乙醇, 二苯氧基乙醇 硅酸镁铝, 镁铝硅酸盐, 硅酸铝镁 三乙醇胺 甜没药, 没药醇, 比萨波醇, 红没药醇, ... 聚山梨醇酯 20, 吐温20, 聚山梨醇酯-20 抗坏血酸, 维他命C, 维生素C "
Turbo Booster C Powder,"半胱氨酸 HCL 吡咯烷酮羧酸铜, PCA 铜盐 咯烷酮羧酸锌, PCA锌 油茶, 红花大果 抗坏血酸, 维他命C, 维生素C 甘草酸钾, 甘草酸二钾盐, 甘草酸二钾 维生素原B5, 维他命原B5, 泛醇 "
Ultimate Miracle Worker Eye Cream,"帕索 1789, 丁基甲氧基二苯甲酰基甲烷 甲基水杨醇, 胡莫柳酯 欧托奎雷, 奥克立林 甲基丙烯酸甲酯交联聚合物 环戊硅氧烷, 聚硅氧化合物, 十甲基环五硅氧烷, ... 鲸蜡醇, 棕榈醇, 十六醇, 16醇, ... 异硬脂酸异硬脂, 异硬脂醇异硬脂酸酯 三硅氧烷 甘油硬脂酸, 硬脂酸甘油酯, 甘油硬脂酸酯 PEG-100 硬脂酸酯 鲸蜡醇硬脂酸酯 硬脂酸, 18酸, 十八酸, 己基癸醇硬脂酸酯 鲸蜡醇磷酸酯钾 聚二甲基硅氧烷共聚物, 聚二甲基硅氧烷交联聚合物, ... 咖啡因 氯苯甘醚 丙烯酸羟乙酯/丙烯酰二甲基牛磺酸钠共聚物 沙棘油, 沙棘果油 白鸢尾根提取 乙二胺四乙基二钠, 乙酸乙二胺二钠 乙醇, 酒精 藻提取 云母 卵燐脂, 卵磷脂, 磷脂酰胆硷 维他命C配糖体, 维生素C醣甘, 维他命C醣甘, ... 腺苷 羧甲基纤维素, 纤维素胶, 酶水解纤维素胶, ... A醇, 视黄醇, 维生素A醇, 维他命A醇 聚山梨醇酯 20, 吐温20, 聚山梨醇酯-20 磷硅酸钠钙 二丁基羟基甲苯, 丁羟甲苯, 丁基羟基甲苯 丙烯酸/C10-30烷基丙烯酸聚合物, ... 脱乙酰壳多糖, 几丁聚糖, 壳聚醣 乙基己基甘油 甘醇酸, 羟基乙酸 油酸己六酯, 失水山梨醇油酸酯, 山梨坦油酸酯 欧洲七叶树籽提取 葡萄糖 乳酸 山嵛基三甲基氯化铵 甘草根提取 苯甲酸钠, 安息香酸钠 磷酸钾 山梨酸钾, 己二稀酸钾, 己二烯酸钾 茶叶提取 小果咖啡籽提取 水黄皮籽提取 乙酸 圆叶当归根提取 麦芽糖煳精, 麦芽煳精 硅酸镁铝, 镁铝硅酸盐, 硅酸铝镁 抗坏血酸, 维他命C, 维生素C 光果甘草, 甘草, 甘草精 光果甘草根提取 辛乙二醇, 辛甘醇, 1, 2-辛二醇 菌类植物胶, 小核菌胶 二氧化钛 "
Take a Deep Breath Oil-Free Oxygenating Gel Cream,"水 丁二醇, 1, 3-丁二醇 环戊硅氧烷, 聚硅氧化合物, 十甲基环五硅氧烷, ... 环己硅氧烷 全氟萘烷 生育醇, 生育酚, 维他命E, 维生素E, ... 水解透明质酸 乳酸 小果咖啡籽提取 茶叶提取 鲸蜡醇, 棕榈醇, 十六醇, 16醇, ... C13-14 异烷烃, C13-14 异链烷烃 硅石, 石英, 二氧化硅 圆叶当归根提取 银杏叶提取 水黄皮籽提取 聚山梨醇酯 80, 聚山梨醇酯-80 水解霍霍巴酯类, 水解霍霍巴酯 咖啡因 葡萄糖 碳酸二辛酯 辛基十二烷醇新戊酸酯, 辛基十二醇新戊酸酯 丙烯酰二甲基牛磺酸铵/VP 共聚物 丁烯/乙烯/苯乙烯共聚物 乙烯/丙烯/苯乙烯共聚物 卡波莫, 卡波姆, 聚羧乙烯, 卡波树脂 聚丙烯酰胺 乙醇, 酒精 1, 2-己二醇 丙二醇, 丙烯乙二醇, 1, 2-丙二醇 苯甲酸钠, 安息香酸钠 山梨酸钾, 己二稀酸钾, 己二烯酸钾 乙二胺四乙基二钠, 乙酸乙二胺二钠 水解大豆面粉 异丙基甲基酚, 繖花醇, o-繖花烃-5-醇, ... 辛乙二醇, 辛甘醇, 1, 2-辛二醇 苯氧乙醇, 苯氧基乙醇, 二苯氧基乙醇 FD&C 色料 蓝色一号 "
Adapalene Gel 0.1% Acne Treatment,"丙二醇, 丙烯乙二醇, 1, 2-丙二醇 디소듐이디티에이 卡波莫 940 盐酸 阿达帕林, 痘肤润 氢氧化钠 泊洛沙姆182 纯水, 纯化水 苯甲酸甲脂, 对羟基苯甲酸甲酯, 羟苯甲酯, ... "
Bio Retinoid Anti-Wrinkle Concentrate Oil,"大豆油, 黄豆油 芳樟醇, 沈香醇 沙棘果提取 亚麻耔油, 亚麻仁油 香料, 香水, 香精, 香味 生育醇, 生育酚, 维他命E, 维生素E, ... 三叶鬼针草提取 "
V-Cense Revitalising Night Cream,"水 辛酸/癸酸三酸甘油酯, 辛酸/癸酸甘油三酯, ... 棕榈醇, 鲸蜡硬脂醇 甜橙果提取 油茶籽油, 苦茶油 乳油木果脂, 雪亚脂, 乳木果, 乳油木, ... 肉荳蔻酸肉荳蔻脂, 肉豆蔻醇肉豆蔻酸酯 鲸蜡硬脂基葡糖苷 甘油, 丙三醇 小麦胚芽油 月桂醇月桂酸酯 三庚精 羟甲基甘氨酸钠 乳香油 卡波莫, 卡波姆, 聚羧乙烯, 卡波树脂 葵花籽油, 葵花油, 向日葵籽油 齿叶乳香提取 生育醇, 生育酚, 维他命E, 维生素E, ... 白花春黄菊花提取 野胡萝蔔 β胡萝蔔素, 贝他胡萝蔔素, β-胡萝蔔素 芳樟醇, 沈香醇 抗坏血酸棕榈酸酯, 维他命C棕榈酸酯 "
Bio Retinoid Anti-Ageing Cream,"补骨脂酚 亚麻耔油, 亚麻仁油 鲸蜡硬脂基葡糖苷 乙基己基甘油 长心卡帕藻提取 디팔미토일하이드록시프롤린 果聚糖 香料, 香水, 香精, 香味 锈红蔷薇籽油 β胡萝蔔素, 贝他胡萝蔔素, β-胡萝蔔素 月桂醇月桂酸酯 野胡萝蔔 生育醇, 生育酚, 维他命E, 维生素E, ... 黄原胶, 三仙胶, 山羊胶, 汉生胶 米胚芽油, 稻胚芽油 谷维素 棕榈醇, 鲸蜡硬脂醇 玻尿酸钠, 透明质酸钠, 玻璃酸钠 羟丙基甲基纤维素 茁霉多糖, 普鲁兰多糖, 出芽短梗孢糖, ... 三庚精 枣果提取 辛酸/癸酸三酸甘油酯, 辛酸/癸酸甘油三酯, ... 抗坏血酸棕榈酸酯, 维他命C棕榈酸酯 癸基葡萄糖苷, 癸基葡糖苷 "
Clarimatte T-Zone Control Cleansing Gel,"生育醇, 生育酚, 维他命E, 维生素E, ... 薰衣草花水 卡波莫, 卡波姆, 聚羧乙烯, 卡波树脂 棕榈醇, 鲸蜡硬脂醇 甘油, 丙三醇 鲸蜡硬脂基葡糖苷 葡萄糖 芳樟醇, 沈香醇 辛酸/癸酸三酸甘油酯, 辛酸/癸酸甘油三酯, ... 薰衣草油 甜没药, 没药醇, 比萨波醇, 红没药醇, ... 鲸蜡硬脂基辛酸酯, 鲸蜡硬脂醇乙基己酸酯 月桂醇月桂酸酯 柠檬油精, 柑橘皮粹取, 苎烯 大果越桔籽油 澳洲蓝柏木油 楔基海带提取 谷维素 羟甲基甘氨酸钠 香柠檬果油 锐刺山楂茎提取 "
Flash Rinse 1 Minute Facial,"木蜜醇, 甘露醇, 甘露糖醇 抗坏血酸棕榈酸酯, 维他命C棕榈酸酯 乳香油 糖原 椰油酰谷氨酸钠 椰油醇辛酸酯/癸酸酯, 椰油醇-辛酸酯/癸酸酯 抗坏血酸, 维他命C, 维生素C 暂无 硅石, 石英, 二氧化硅 葵花籽油, 葵花油, 向日葵籽油 β胡萝蔔素, 贝他胡萝蔔素, β-胡萝蔔素 维他命C磷酸镁盐, 维他命C磷酸镁, ... 齿叶乳香提取 甜橙花油 柠檬油精, 柑橘皮粹取, 苎烯 酵母, 酵母菌胞溶产物, 酵母提取 甘菊蓝, 薁 胡萝蔔根提取 "
Vita-Mineral Daily Supplement Moisturising Cream,"突厥蔷薇花水 暂无 棕榈醇, 鲸蜡硬脂醇 鲸蜡硬脂基辛酸酯, 鲸蜡硬脂醇乙基己酸酯 肉荳蔻酸肉荳蔻脂, 肉豆蔻醇肉豆蔻酸酯 甘油, 丙三醇 乳油木果脂, 雪亚脂, 乳木果, 乳油木, ... 狗牙蔷薇果油 三庚精 苯氧乙醇, 苯氧基乙醇, 二苯氧基乙醇 谷维素 大果越桔籽油 香料, 香水, 香精, 香味 香叶天竺葵花油 卡波莫, 卡波姆, 聚羧乙烯, 卡波树脂 氢氧化钠 葡糖酸锌 香茅醇 香叶醇 芳樟醇, 沈香醇 "
Vita Mineral Active 7 Eye Gel ,"突厥蔷薇花水 山金车花提取 卡波莫, 卡波姆, 聚羧乙烯, 卡波树脂 无花果果提取 人蔘, 神草, 地精, 人衔 羟甲基甘氨酸钠 氢氧化钠 苯甲酸钠, 安息香酸钠 黄原胶, 三仙胶, 山羊胶, 汉生胶 山梨酸钾, 己二稀酸钾, 己二烯酸钾 "
V-Cense Youth Vitality Day Cream,"胡萝蔔籽油 肉荳蔻酸肉荳蔻脂, 肉豆蔻醇肉豆蔻酸酯 橘子, 甜橙, 广西沙柑 乳酸 苯氧乙醇, 苯氧基乙醇, 二苯氧基乙醇 大果越桔籽油 胡萝蔔根提取 突厥蔷薇花水 油醇 甜橙花油 狗牙蔷薇果油 谷维素 棕榈醇, 鲸蜡硬脂醇 脂溶性维他命C, 酯化C, 酯化维他命C, ... 乳香油 β胡萝蔔素, 贝他胡萝蔔素, β-胡萝蔔素 羟甲基甘氨酸钠 齿叶乳香提取 黄原胶, 三仙胶, 山羊胶, 汉生胶 抗坏血酸棕榈酸酯, 维他命C棕榈酸酯 甘油, 丙三醇 暂无 葡糖酸钙 鲸蜡硬脂基葡糖苷 鲸蜡硬脂基辛酸酯, 鲸蜡硬脂醇乙基己酸酯 辛酸/癸酸三酸甘油酯, 辛酸/癸酸甘油三酯, ... 生育醇, 生育酚, 维他命E, 维生素E, ... 葵花籽油, 葵花油, 向日葵籽油 三庚精 "
Beauty Oil,"苹果汁 石榴 吉拉索芦荟, 库拉索芦荟, 翠叶芦荟, 洋芦荟, ... 小黄瓜, 胡瓜 蒲公英, 欧蒲公英 鼠尾草, 药鼠尾草 甘油, 丙三醇 辛酸/癸酸三酸甘油酯, 辛酸/癸酸甘油三酯, ... C12-15 烷醇苯甲酸酯, ... 棕榈酸维他命A, 维他命A酯, 棕榈酸视黄酯, ... 维生素原B5, 维他命原B5, 泛醇 醋酸盐维他命E, 醋酸生育酚酯, 生育酚醋酸酯, ... 海藻, 海藻粹取物, 藻 蜂蜡, 蜜蜡, 白蜂蜡 棕榈酸异辛酯, 棕榈酸乙基己酯, 棕榈酸盐 棕榈醇, 鲸蜡硬脂醇 鲸蜡硬脂基葡糖苷 咯烷酮羧酸钠, 钠羟基皮酪烷酮, PCA 钠 玻尿酸钠, 透明质酸钠, 玻璃酸钠 黄原胶, 三仙胶, 山羊胶, 汉生胶 乙二胺四乙基二钠, 乙酸乙二胺二钠 氢氧化钠 苯氧乙醇, 苯氧基乙醇, 二苯氧基乙醇 柠檬油精, 柑橘皮粹取, 苎烯 芳樟醇, 沈香醇 丁香酚 苦柑, 酸橙 "
Multi-Purpose Oil,"棕榈酸异辛酯, 棕榈酸乙基己酯, 棕榈酸盐 鲸蜡醇, 棕榈醇, 十六醇, 16醇, ... 红花油, 红花籽油 对羟基苯甲酸丙酯, 羟苯丙酯, 尼泊金丙酯, ... 尿素醛, 咪唑啉基尿素, 咪唑烷基脲, ... 生育醇, 生育酚, 维他命E, 维生素E, ... "
Oil-in-Foam Cleanser,"甘油醇26, 甘油聚醚-26 丁烷 异十六烷 水 十六酸异丙酯, 棕榈酸异丙酯, 棕榈油盐 异丁烷 鲸蜡硬脂醇异壬酸酯 香料, 香水, 香精, 香味 聚山梨醇酯 80, 聚山梨醇酯-80 丙烷 柠檬酸 椰油基-葡糖苷 油酸己六酯, 失水山梨醇油酸酯, 山梨坦油酸酯 椰油醇 丙烯酸钠/丙烯酰二甲基牛磺酸钠共聚物 "
Bio-Performance Advanced Super Revitalizing Cream,"甘油, 丙三醇 硅灵, 环聚二甲基硅氧烷, 环甲硅脂, ... 硅灵, 地美司康, 二甲基硅酮, 二甲硅油, ... 丁二醇, 1, 3-丁二醇 角鲨烷 季铵盐-18 水辉石 硅氧聚合体烷 矿脂, 凡士林 乙酯, 羟基苯甲酸乙酯, 羟苯乙酯, ... 桂皮酸盐, 4-甲氧基肉桂酸-2-乙基己基酯, ... 苯氧乙醇, 苯氧基乙醇, 二苯氧基乙醇 醋酸盐维他命E, 醋酸生育酚酯, 生育酚醋酸酯, ... 硬脂醇甘草亭酸酯, 甘草酸硬脂酯 EDTA-三钠 谷氨酸钠 アセチルヒアルロン酸Ｎａ 生育醇, 生育酚, 维他命E, 维生素E, ... 水解角质蛋白, 水解角蛋白 氧化铁 "
White Lucent Brightening Cleansing Foam,"水 十四烷脂肪酸, 肉豆蔻酸, 十四酸 甘油, 丙三醇 山梨醣醇, 山梨糖醇, 山梨醇, 葡萄糖醇, ... 双丙甘醇 月桂酸, 12酸, 十二酸 PEG-60 甘油异硬脂酸酯 聚乙二醇-6 聚乙二醇-32 二乙醇二硬脂酸, 乙二醇二硬脂酸酯, ... 甘油硬脂酸SE, 甘油硬脂酸酯 SE 丝氨酸, 丝胺酸 温州蜜柑果皮提取 EDTA-三钠 丁二醇, 1, 3-丁二醇 生育醇, 生育酚, 维他命E, 维生素E, ... 香料, 香水, 香精, 香味 "
Benefiance NutriPerfect Night Cream,"氢化聚异丁烯 丁苯基甲基丙醛 丁二醇, 1, 3-丁二醇 偏磷酸钠 苯甲酸甲脂, 对羟基苯甲酸甲酯, 羟苯甲酯, ... 柠檬油精, 柑橘皮粹取, 苎烯 香茅醇 氢氧化铝 乙基玻尿酸钠, 乙酰化透明质酸钠 二丁基羟基甲苯, 丁羟甲苯, 丁基羟基甲苯 香叶醇 石蜡, 石腊 硅灵, 地美司康, 二甲基硅酮, 二甲硅油, ... 醋酸盐维他命E, 醋酸生育酚酯, 生育酚醋酸酯, ... 苯甲酸苯甲酯, 苯甲酸苄酯 失水山梨醇三硬脂酸酯, 山梨坦三硬脂酸酯 微晶蜡 二甲基丙烯酰胺/丙烯酰基二甲基牛磺酸钠交联聚合物 エリスリトール α异甲基紫罗酮, α-异甲基紫罗兰酮 矿物油, 液体石蜡, 液态石蜡, 矿油 二氧化钛 肉荳蔻酸肉荳蔻脂, 肉豆蔻醇肉豆蔻酸酯 脂肪酸醇类, 山嵛醇 柠檬酸 白芒花籽油 鲸蜡醇, 棕榈醇, 十六醇, 16醇, ... 十八烷醇, 十八醇, 硬脂醇 EDTA-三钠 PEG-40 硬脂酸酯 葡萄糖基橘皮柑, 糖化橙皮苷, 醣化橙皮苷, ... 泛醇基乙基醚 "
Bio-Performance Glow Revival Cream,"水 双丙甘醇 硅灵, 地美司康, 二甲基硅酮, 二甲硅油, ... 变性酒精, 变性乙醇, SD 乙醇 40, ... 三异辛酸甘油酯, 甘油三(乙基己酸)酯 二苯基甲硅烷氧基苯基聚三甲基硅氧烷 植物甾醇澳洲坚果油酸酯 聚二甲基硅氧烷共聚物, 聚二甲基硅氧烷交联聚合物, ... 微晶蜡 甘油硬脂酸SE, 甘油硬脂酸酯 SE 海藻醣, 海藻糖 PEG/PPG-14/7 二甲醚, ... 二甲基丙烯酰胺/丙烯酰基二甲基牛磺酸钠交联聚合物 聚山梨醇酯 60, 聚山梨醇酯-60 PEG-40 硬脂酸酯 苯氧乙醇, 苯氧基乙醇, 二苯氧基乙醇 云母 二氧化钛 失水山梨醇三硬脂酸酯, 山梨坦三硬脂酸酯 醋酸盐维他命E, 醋酸生育酚酯, 生育酚醋酸酯, ... 咖啡因 2-o-乙基抗坏血酸 柠檬酸 木醣醇, 木糖醇 谷维素 维他命C磷酸镁盐, 维他命C磷酸镁, ... 乙醇, 酒精 己基肉桂醛, 己基桂醛 丁苯基甲基丙醛 芳樟醇, 沈香醇 重亚硫酸钠, 焦亚硫酸钠, 偏亚硫酸钠 红色氧化铁 α异甲基紫罗酮, α-异甲基紫罗兰酮 酵母菌发酵胞溶产物滤液 香叶醇 牡丹根提取 肉桂树皮提取 阿勒泰柴胡根提取 茶叶提取 "
Eudermine Revitalizing Essence ,"黄原胶, 三仙胶, 山羊胶, 汉生胶 丁二醇, 1, 3-丁二醇 吡咯烷酮羧酸 卡波姆钾 甘油, 丙三醇 甲基葡糖聚醚-10, 甲基葡糖醇聚醚-10 丙烯酸/C10-30烷基丙烯酸聚合物, ... 变性酒精, 变性乙醇, SD 乙醇 40, ... 苯甲酸甲脂, 对羟基苯甲酸甲酯, 羟苯甲酯, ... 环煳精 玻尿酸钠, 透明质酸钠, 玻璃酸钠 精氨酸 HCl 双丙甘醇 甜菜硷, 三甲基甘氨酸, 甜菜碱, 甜菜碱 氯化镁 "
White Lucent Anti-Dark Circles Eye Cream,"香料, 香水, 香精, 香味 醋酸盐维他命E, 醋酸生育酚酯, 生育酚醋酸酯, ... 甘油硬脂酸SE, 甘油硬脂酸酯 SE 甲氧基水杨酸钾 矿脂, 凡士林 二甲基丙烯酰胺/丙烯酰基二甲基牛磺酸钠交联聚合物 乙醇, 酒精 水 聚山梨醇酯 60, 聚山梨醇酯-60 EDTA-三钠 聚二甲基硅氧烷/乙烯基聚二甲硅氧烷交联聚合物 苯甲酸苯甲酯, 苯甲酸苄酯 聚甲基丙烯酸甲酯, 热塑性树脂 苯氧乙醇, 苯氧基乙醇, 二苯氧基乙醇 云母 肉荳蔻酸肉荳蔻脂, 肉豆蔻醇肉豆蔻酸酯 二氧化钛 谷维素 PEG/PPG-14/7 二甲醚, ... 硅石, 石英, 二氧化硅 2-o-乙基抗坏血酸 PEG-10 聚二甲基硅氧烷 脂肪酸醇类, 山嵛醇 PEG-40 硬脂酸酯 柠檬酸钠, 枸橼酸钠 丁二醇, 1, 3-丁二醇 硅灵, 地美司康, 二甲基硅酮, 二甲硅油, ... 偏磷酸钠 失水山梨醇三硬脂酸酯, 山梨坦三硬脂酸酯 "
WASO: Eye Opening Essence,"甲基丙烯酸甲酯交联聚合物 丁二醇, 1, 3-丁二醇 甘油, 丙三醇 1, 3-丙二醇 合成腊, 合成蜡 海藻醣, 海藻糖 苯氧乙醇, 苯氧基乙醇, 二苯氧基乙醇 丙烯酰二甲基牛磺酸铵/VP 共聚物 氯苯甘醚 香料, 香水, 香精, 香味 丙烯酸羟乙酯/丙烯酰二甲基牛磺酸钠共聚物 角鲨烷 聚乙烯醇 异构寡糖, 糖类同分异构体 氧化铁 丙烯酸/C10-30烷基丙烯酸聚合物, ... 聚山梨醇酯 60, 聚山梨醇酯-60 硅石, 石英, 二氧化硅 氢氧化钾 柠檬油精, 柑橘皮粹取, 苎烯 丝氨酸, 丝胺酸 소르비탄이소스테아레이트 枇杷叶原生质体 香茅醇 柠檬酸 芳樟醇, 沈香醇 PEG-30 植物甾醇 氢化卵磷脂, 氢化卵燐脂 EDTA-三钠 豆瓣菜叶/茎提取 "
Perfect Cleansing Oil,"鲸蜡硬脂醇辛酸酯, 辛酸十六酯, 鲸蜡辛酸, ... 矿物油, 液体石蜡, 液态石蜡, 矿油 PEG-8 二油酸酯 胆甾醇/辛基十二烷醇月桂酰谷氨酸酯 香料, 香水, 香精, 香味 "
Urban Environment UV Protection Cream Broad Spectrum SPF 40 For Face/Body,"硅石, 石英, 二氧化硅 变性酒精, 变性乙醇, SD 乙醇 40, ... 氢化聚癸烯 PEG/PPG-14/7 二甲醚, ... EDTA-三钠 蒲桃叶提取 四氢嘧啶, 渗透压补偿溶质, 四氢甲基嘧啶羧酸 基安达宁, 硫代牛磺酸 生育醇, 生育酚, 维他命E, 维生素E, ... 咯烷酮羧酸钠, 钠羟基皮酪烷酮, PCA 钠 红芒柄花根提取 二丁基羟基甲苯, 丁羟甲苯, 丁基羟基甲苯 香料, 香水, 香精, 香味 黄芩根提取 苯氧乙醇, 苯氧基乙醇, 二苯氧基乙醇 丁二醇, 1, 3-丁二醇 聚甲基丙烯酸甲酯, 热塑性树脂 异硬脂酸, 异十八酸 硅灵, 地美司康, 二甲基硅酮, 二甲硅油, ... 月桂醇 PEG-9 聚二甲基硅氧乙基聚二甲基硅氧烷 木醣醇, 木糖醇 二苯酮-3, 羟基苯酮 聚丁二醇/PPG-9/1 共聚物 硅灵, 环聚二甲基硅氧烷, 环甲硅脂, ... 甲基葡糖聚醚-10, 甲基葡糖醇聚醚-10 三乙氧基辛基硅烷 异构十二烷, 异十二烷 "
Bio-Performance Glow Revival Serum,"双丙甘醇 硅灵, 地美司康, 二甲基硅酮, 二甲硅油, ... 甘油, 丙三醇 二苯基甲硅烷氧基苯基聚三甲基硅氧烷 乙醇, 酒精 海藻醣, 海藻糖 脂肪酸醇类, 山嵛醇 硅石, 石英, 二氧化硅 异硬脂酸, 异十八酸 植物甾醇澳洲坚果油酸酯 云母 十八烷醇, 十八醇, 硬脂醇 甲基硬脂酰基牛磺酸钠 烷基甜菜硷, 月桂基甜菜碱 卡波莫, 卡波姆, 聚羧乙烯, 卡波树脂 木醣醇, 木糖醇 醋酸盐维他命E, 醋酸生育酚酯, 生育酚醋酸酯, ... 玻尿酸钠, 透明质酸钠, 玻璃酸钠 氢氧化钾 乙二胺四乙基二钠, 乙酸乙二胺二钠 香料, 香水, 香精, 香味 甘氨酰甘氨酸 偏磷酸钠 丁二醇, 1, 3-丁二醇 柠檬油精, 柑橘皮粹取, 苎烯 重亚硫酸钠, 焦亚硫酸钠, 偏亚硫酸钠 谷维素 维他命C磷酸镁盐, 维他命C磷酸镁, ... 苯甲酸苯甲酯, 苯甲酸苄酯 丁苯基甲基丙醛 芳樟醇, 沈香醇 乙基玻尿酸钠, 乙酰化透明质酸钠 氧化铁 α异甲基紫罗酮, α-异甲基紫罗兰酮 香茅醇 香叶醇 苯甲酸钠, 安息香酸钠 生育醇, 生育酚, 维他命E, 维生素E, ... 肉桂树皮提取 "
Ultimate Sun Protection Lotion Broad Spectrum SPF 50+ WetForce for Sensitive Skin & Children,"丁二醇, 1, 3-丁二醇 甘油, 丙三醇 癸二酸二异丙酯 聚甲基丙烯酸甲酯, 热塑性树脂 氢化聚癸烯 PEG-10 聚二甲基硅氧烷 硅灵, 环聚二甲基硅氧烷, 环甲硅脂, ... 暂无 三甲基硅烷氧基硅酸酯 PEG/PPG-14/7 二甲醚, ... 黄芩根提取 覆盆子果提取 欧百里香提取 氢氧化铝 氢化聚二甲基硅氧烷 异硬脂酸, 异十八酸 二硬脂基二甲基胺锂皂石, 二硬脂二甲铵锂蒙脱石 水合硅石 三乙氧基辛基硅烷 硬脂酸, 18酸, 十八酸, 己基癸醇硬脂酸酯 煳精棕榈酸酯 二硬脂基二甲基氯化铵 生育醇, 生育酚, 维他命E, 维生素E, ... 蒲桃叶提取 "
Future Solution LX Replenishing Treatment Oil,"硅灵, 地美司康, 二甲基硅酮, 二甲硅油, ... 辛酸/癸酸三酸甘油酯, 辛酸/癸酸甘油三酯, ... 1, 2-丁二醇 十四酸异丙酯, 肉荳蔻酸异丙酯, 肉豆蔻酸异丙酯, ... 矿物油, 液体石蜡, 液态石蜡, 矿油 二乙基己基琥珀酸酯, 琥珀酸二乙基己酯 二苯基甲硅烷氧基苯基聚三甲基硅氧烷 PEG-20 氢化蓖麻油, PEG-20氢化蓖麻油 香料, 香水, 香精, 香味 水 异硬脂酸, 异十八酸 ... 双丙甘醇 芳樟醇, 沈香醇 柠檬油精, 柑橘皮粹取, 苎烯 丁苯基甲基丙醛 二丁基羟基甲苯, 丁羟甲苯, 丁基羟基甲苯 生育醇, 生育酚, 维他命E, 维生素E, ... α异甲基紫罗酮, α-异甲基紫罗兰酮 香茅醇 苯甲酸苯甲酯, 苯甲酸苄酯 摩洛哥坚果油, 刺阿干树仁油 红花油, 红花籽油 月见草油, 夜樱草油 澳洲坚果籽油 荷荷葩油, 荷荷巴油, 荷荷芭油, 霍霍巴油, ... 乙基玻尿酸钠, 乙酰化透明质酸钠 乙醇, 酒精 红色色料 酵母菌发酵胞溶产物滤液 β胡萝蔔素, 贝他胡萝蔔素, β-胡萝蔔素 "
Bio-Performance LiftDynamic Serum,"水 硅灵, 地美司康, 二甲基硅酮, 二甲硅油, ... 丁二醇, 1, 3-丁二醇 甘油, 丙三醇 双丙甘醇 聚山梨醇酯 20, 吐温20, 聚山梨醇酯-20 丙烯酰二甲基牛磺酸铵/VP 共聚物 PEG-10 聚二甲基硅氧烷 苯氧乙醇, 苯氧基乙醇, 二苯氧基乙醇 聚乙烯醇 硅石, 石英, 二氧化硅 矾土 二氧化钛 云母 醋酸盐维他命E, 醋酸生育酚酯, 生育酚醋酸酯, ... 柠檬酸钠, 枸橼酸钠 香料, 香水, 香精, 香味 偏磷酸钠 重亚硫酸钠, 焦亚硫酸钠, 偏亚硫酸钠 柠檬油精, 柑橘皮粹取, 苎烯 环己六醇, 肌醇 己基肉桂醛, 己基桂醛 氧化铁 苯甲酸苯甲酯, 苯甲酸苄酯 丁苯基甲基丙醛 酵母菌发酵胞溶产物滤液 α异甲基紫罗酮, α-异甲基紫罗兰酮 欧百里香提取 香茅醇 香叶醇 红花花提取 迷迭香叶提取 生育醇, 生育酚, 维他命E, 维生素E, ... "
Bio Performance Glow Revival Eye Treatment,"乙二胺四乙基二钠, 乙酸乙二胺二钠 香茅醇 脂肪酸醇类, 山嵛醇 肉荳蔻酸肉荳蔻脂, 肉豆蔻醇肉豆蔻酸酯 川谷籽萃取 阿勒泰柴胡根提取 柠檬酸 丙烯酸钠/丙烯酰二甲基牛磺酸钠共聚物 酵母菌发酵胞溶产物滤液 生育醇, 生育酚, 维他命E, 维生素E, ... 黄原胶, 三仙胶, 山羊胶, 汉生胶 聚二甲基硅氧烷共聚物, 聚二甲基硅氧烷交联聚合物, ... 偏磷酸钠 α异甲基紫罗酮, α-异甲基紫罗兰酮 乙基玻尿酸钠, 乙酰化透明质酸钠 芳樟醇, 沈香醇 醋酸盐维他命E, 醋酸生育酚酯, 生育酚醋酸酯, ... 鲸蜡硬脂醇辛酸酯, 辛酸十六酯, 鲸蜡辛酸, ... 지황추출물 甘油, 丙三醇 硅灵, 地美司康, 二甲基硅酮, 二甲硅油, ... 牡丹根提取 木醣醇, 木糖醇 维他命C磷酸镁盐, 维他命C磷酸镁, ... 乙醇, 酒精 单子山楂 聚山梨醇酯 60, 聚山梨醇酯-60 云母 二氧化钛 丁苯基甲基丙醛 甲基葡糖聚醚-10, 甲基葡糖醇聚醚-10 聚乙烯醇 油酸己六酯, 失水山梨醇油酸酯, 山梨坦油酸酯 苯氧乙醇, 苯氧基乙醇, 二苯氧基乙醇 咖啡因 肉桂树皮提取 柠檬油精, 柑橘皮粹取, 苎烯 氧化铁 聚山梨醇酯 80, 聚山梨醇酯-80 十八烷醇, 十八醇, 硬脂醇 2-o-乙基抗坏血酸 PEG/PPG-14/7 二甲醚, ... 异十六烷 水 茶叶提取 "
Future Solution LX Superior Radiance Serum,"重亚硫酸钠, 焦亚硫酸钠, 偏亚硫酸钠 水解贝壳硬蛋白 琥珀酰聚糖 芳樟醇, 沈香醇 黄原胶, 三仙胶, 山羊胶, 汉生胶 丙烯酸/C10-30烷基丙烯酸聚合物, ... 柠檬酸 二氧化钛 酵母菌发酵胞溶产物滤液 2-o-乙基抗坏血酸 香料, 香水, 香精, 香味 PEG-60 甘油异硬脂酸酯 偏磷酸钠 α异甲基紫罗酮, α-异甲基紫罗兰酮 苯甲酸苯甲酯, 苯甲酸苄酯 丁二醇, 1, 3-丁二醇 玻尿酸钠, 透明质酸钠, 玻璃酸钠 香叶醇 甲氧基水杨酸钾 茶叶提取 水 乙二胺四乙基二钠, 乙酸乙二胺二钠 苯氧乙醇, 苯氧基乙醇, 二苯氧基乙醇 双-二甘油多脂酰己二酸酯-2, ... 香茅醇 咖啡黄葵果提取 PPG-8-鲸蜡醇聚醚-20 生育醇, 生育酚, 维他命E, 维生素E, ... 氢氧化钾 甘油, 丙三醇 哌啶丙酸 聚乙二醇-6 乙基玻尿酸钠, 乙酰化透明质酸钠 氢化聚癸烯 云母 红芒柄花根提取 柠檬酸钠, 枸橼酸钠 柠檬油精, 柑橘皮粹取, 苎烯 "
Ultimate Revival Cream,"水 覆膜酵母菌发酵产物滤液 甘油, 丙三醇 植物甾醇/山嵛醇/辛基癸醇月桂酰谷氨酸酯 异壬酸乙基己酯 丁二醇, 1, 3-丁二醇 菸硷胺, 菸酰胺, 烟酰胺, 菸硷酰酸 三异辛酸甘油酯, 甘油三(乙基己酸)酯 蔗糖棉子酸酯, 蔗糖多棉籽油酸酯 肉荳蔻酸肉荳蔻脂, 肉豆蔻醇肉豆蔻酸酯 氢化椰油甘油混合酯, 氢化椰油甘油酯类 甘油硬脂酸, 硬脂酸甘油酯, 甘油硬脂酸酯 PEG-100 硬脂酸酯 肉豆蔻醇 PEG-40 硬脂酸酯 维生素原B5, 维他命原B5, 泛醇 生育醇, 生育酚, 维他命E, 维生素E, ... 醋酸盐维他命E, 醋酸生育酚酯, 生育酚醋酸酯, ... 多肽类 六胜肽, 六胜月太, 六元胜肽, 乙酰基六肽, ... 四胜肽棕榈酸酯, 棕榈酰四肽-3 金黄洋甘菊提取 茶叶提取 海茴香提取 水解小麦蛋白 天冬氨酸镁 葡糖酸锌 葡糖酸铜 月桂醇聚醚-7 聚山梨醇酯 65, 聚山梨醇酯-65 硬脂醇聚醚-20, 硬脂醇聚氧乙烯醚(20) 氢化卵磷脂, 氢化卵燐脂 辛酸/癸酸三酸甘油酯, 辛酸/癸酸甘油三酯, ... 卡波莫, 卡波姆, 聚羧乙烯, 卡波树脂 硬脂酸钠, 硬酯酸钠 氯化钠, 食盐 鲨肝醇 氢氧化钠 乙二胺四乙酸 乙二胺四乙基二钠, 乙酸乙二胺二钠 苯甲酸甲脂, 对羟基苯甲酸甲酯, 羟苯甲酯, ... 乙酯, 羟基苯甲酸乙酯, 羟苯乙酯, ... 丁酯, 对羟基苯甲酸丁酯, 羟苯丁酯, ... 对羟基苯甲酸丙酯, 羟苯丙酯, 尼泊金丙酯, ... 对羟基苯甲酸异丁酯, 异对羟基苯甲酸丁酯, ... "
Blue Moon Tranquility Cleansing Balm,"辛酸/癸酸三酸甘油酯, 辛酸/癸酸甘油三酯, ... 蔗糖月桂酸酯 荷荷葩酯, 霍霍巴酯, 荷荷芭酯, 霍霍巴酯类 绿荆树花蜡 向日葵籽蜡 甘油山嵛酸酯 C10-18脂肪酸甘油三酯类, ... 可可脂, 可哥籽脂 PEG-8 蜂蜡 鲸蜡醇, 棕榈醇, 十六醇, 16醇, ... 鲸蜡醇聚醚 20, 鲸蜡醇聚醚-20 硬脂醇聚醚-20, 硬脂醇聚氧乙烯醚(20) 聚甘油-3 蜂蜡酸酯 角鲨烯, 鲨烯 橘子, 甜橙, 广西沙柑 艾菊 德国洋甘菊 扁叶香果兰果提取 依兰香水树, 依兰花, 依兰, 依兰依兰, ... 白花春黄菊花油 苯氧乙醇, 苯氧基乙醇, 二苯氧基乙醇 辣木油/氢化辣木油酯类 辛乙二醇, 辛甘醇, 1, 2-辛二醇 "
Mattescreen Sunscreen SPF 40,"二氧化钛 氧化锌 环戊硅氧烷, 聚硅氧化合物, 十甲基环五硅氧烷, ... 椰油醇-辛酸酯 异构十二烷, 异十二烷 椰油醇辛酸酯/癸酸酯, 椰油醇-辛酸酯/癸酸酯 聚二甲基硅氧烷共聚物, 聚二甲基硅氧烷交联聚合物, ... 二甲基甲硅烷基化硅石 聚二甲基硅氧烷/双-异丁基PPG-20 交联聚合物 摩洛哥坚果油, 刺阿干树仁油 环己硅氧烷 醋酸盐维他命E, 醋酸生育酚酯, 生育酚醋酸酯, ... C12-15 烷醇苯甲酸酯, ... 硅灵, 地美司康, 二甲基硅酮, 二甲硅油, ... 水 环四聚二甲基硅氧烷 1, 3-丙二醇 乙基己基甘油 PEG/PPG-18/18 聚二甲基硅氧烷 甜没药, 没药醇, 比萨波醇, 红没药醇, ... 矾土 氢化聚二甲基硅氧烷 聚羟基硬脂酸 蜜蒙花 生育醇, 生育酚, 维他命E, 维生素E, ... 苯氧乙醇, 苯氧基乙醇, 二苯氧基乙醇 山梨酸钾, 己二稀酸钾, 己二烯酸钾 乔木绣球根提取 桑树, 桑白根, 白桑根, 桑白皮, 桑皮 聚山梨醇酯 20, 吐温20, 聚山梨醇酯-20 侧花黄芩提取 "
Poof 100% Mineral Part and Scalp Powder SPF 45,"氧化锌 硅石, 石英, 二氧化硅 聚甲基丙烯酸甲酯, 热塑性树脂 乙基己基甘油 三乙氧基辛基硅烷 锦纶-6/12 氧化铁 橄榄油甘油酯类 抗坏血酸棕榈酸酯, 维他命C棕榈酸酯 神经酰胺 3 "
PLAY 100% Mineral Broad Spectrum Lotion SPF 50,"二氧化钛 氧化锌 C9-12 烷 辛酸/癸酸三酸甘油酯, 辛酸/癸酸甘油三酯, ... 合成鲸蜡 雨生红球藻提取 向日葵籽蜡 十六酸异丙酯, 棕榈酸异丙酯, 棕榈油盐 紫苏籽油 聚羟基硬脂酸 石榴籽油 海水 硅石, 石英, 二氧化硅 硬脂酸, 18酸, 十八酸, 己基癸醇硬脂酸酯 "
SEA 4-in-1 Setting Mist,"变性酒精, 变性乙醇, SD 乙醇 40, ... 甜橙皮油 柠檬油精, 柑橘皮粹取, 苎烯 苯氧乙醇, 苯氧基乙醇, 二苯氧基乙醇 海水提取 咖啡因 乙二胺四乙基二钠, 乙酸乙二胺二钠 暫無 薰衣草油 辣薄荷油 氯苯甘醚 柠檬醛 乙基己基甘油 藻提取 芳樟醇, 沈香醇 塔希提栀子花 "
Luminous Deep Hydration Firming Serum,"乙醇, 酒精 鹿角菜胶, 爱尔兰海藻, 爱尔兰苔, 角叉菜, ... 硬脂醇甘草亭酸酯, 甘草酸硬脂酯 乙基己基甘油 金 二氧化钛 乙二胺四乙基二钠, 乙酸乙二胺二钠 茶叶提取 氢化卵磷脂, 氢化卵燐脂 环己六醇, 肌醇 母菊花萃取, 德国洋甘菊花萃取 藻提取 甘油, 丙三醇 二（月桂酰胺谷氨酰胺）赖氨酸钠 蜂王浆提取 角鲨烷 甲基葡萄糖20环氧乙烷, 甲基葡糖醇聚醚-20 苯氧乙醇, 苯氧基乙醇, 二苯氧基乙醇 合成氟金云母 1, 3-丙二醇 水 HDI/三羟甲基己内酯交联聚合物, ... 宁夏枸杞果提取 黄原胶, 三仙胶, 山羊胶, 汉生胶 "
Luminous Deep Hydration Firming Eye Serum,"水 聚乙二醇 400, 聚乙二醇-400 茶叶提取 甘牛至叶提取 人参根提取 忍冬叶提取 金 藻提取 水解透明质酸 酪梨油, 酪梨, 鳄梨, 牛油果 杏核油, 杏仁油, 杏桃仁油 狗牙蔷薇果油 氢化卵磷脂, 氢化卵燐脂 透明质酸钠交联聚合物 醣基海藻糖, 糖基海藻糖, 氢化淀粉水解物 醣基海藻糖, 糖基海藻糖, 氢化淀粉水解物 氢氧化钾 纳托胶 乙二胺四乙基二钠, 乙酸乙二胺二钠 硅灵, 地美司康, 二甲基硅酮, 二甲硅油, ... 二聚季戊四醇六羟基硬脂酸酯 卡波莫, 卡波姆, 聚羧乙烯, 卡波树脂 云母 氧化锡 二氧化钛 戊二醇, 1, 2-戊二醇 乙基己基甘油 脂肪酸醇类, 山嵛醇 乙醇, 酒精 苯氧乙醇, 苯氧基乙醇, 二苯氧基乙醇 "
Skin Revitalizing Concentrate,"乙醇, 酒精 吉拉索芦荟, 库拉索芦荟, 翠叶芦荟, 洋芦荟, ... 油橄榄油不皂化物 金缕梅, 金镂梅, 北美金缕梅 印加果籽油 黄原胶, 三仙胶, 山羊胶, 汉生胶 药蜀葵根提取 精氨酸 柠檬油精, 柑橘皮粹取, 苎烯 香叶醇 柠檬醛 法呢醇, 金合欢醇 "
SOS Save.Our.Skin Daily Rescue Facial Spray,"水 氯化钠, 食盐 "
Glow Getter Mist,"玫瑰粹取, 玫瑰 PEG/PPG-17/6 共聚物 菸硷胺, 菸酰胺, 烟酰胺, 菸硷酰酸 突厥蔷薇花油 依兰花油 小豆蔻籽油 甘油, 丙三醇 甜菜硷, 三甲基甘氨酸, 甜菜碱, 甜菜碱 薄荷叶油 1, 2-己二醇 橄榄油, 橄榄果油, 油橄榄果壳油 橘子, 甜橙, 广西沙柑 香天竺葵, 香叶天竺葵 摩洛哥坚果油, 刺阿干树仁油 冰川水 岩兰草根油 无花果果水 全缘叶澳洲坚果籽油, 夏威夷坚果油 东北堇菜花提取 维生素原B5, 维他命原B5, 泛醇 荷荷葩油, 荷荷巴油, 荷荷芭油, 霍霍巴油, ... 红花油, 红花籽油 双丙甘醇 酪梨油, 酪梨, 鳄梨, 牛油果 水 玻尿酸钠, 透明质酸钠, 玻璃酸钠 香柠檬 互生叶白千层叶油, 白千层叶油, 茶树叶油 香橼果皮油 玫瑰草油 丁香叶油 狗牙蔷薇果油 腺苷 蜂胶萃取 库拉索芦荟叶提取 "
Supreme Cleansing Oil,"矿物油, 液体石蜡, 液态石蜡, 矿油 荷荷葩油, 荷荷巴油, 荷荷芭油, 霍霍巴油, ... 深海两节荠籽油 棉花籽油, 棉籽油, 草棉籽油 葵花籽油, 葵花油, 向日葵籽油 生育醇, 生育酚, 维他命E, 维生素E, ... "
