id,name,new_name,brand,ingredientss
0,GENIUS Liquid Collagen
1,GENIUS Sleeping Collagen
2,GENIUS Ultimate Anti-Aging Cream
3,Complete Eye Renewal Balm
4,SUBLIME DEFENSE Ultra Lightweight UV Defense Fluid SPF 50
5,GENIUS Ultimate Anti-Aging Eye Cream
6,GENIUS Ultimate Anti-Aging Vitamin C+ Serum
7,Regenerative Anti-Aging Moisturizer
8,Overnight Restorative Cream
9,POWER Recharging Night Pressed Serum
10,GENIUS Ultimate Anti-Aging Melting Cleanser
11,POWER Advanced Wrinkle Fighter 360° Eye Serum
12,ELEVATE Advanced Retinol Serum
13,GENIUS Collagen Calming Relief
14,Advanced Anti-Aging Repairing Oil
15,POWER Advanced Wrinkle Fighter Moisturizer
16,GENIUS Ultimate Anti-Aging Foaming Cleanser
17,AA (Alguronic Acid) Barrier Serum
18,ELEVATE Advanced Lift Contouring Cream
19,Concentrated Reconstructing Serum
20,Gentle Rejuvenating Cleanser
21,Hydrating Essence Toner
22,Splash Hydrating Setting Mist
23,Pore Corrector Anti-Aging Primer
24,ELEVATE Firming & Lifting Contouring Eye Cream
25,ALIVE Prebiotic Balancing Moisturizer SPF 15
26,SPLASH Absolute Hydration Replenishing Gel Moisturizer
27,Liquid Gold Exfoliating Treatment
28,Vitamin B Serum
29,Balancing Cleanser
30,Vitamin A Serum
31,Instant Facial
32,Liquid Gold Firming Eye Cream
33,Essential Hydration Cream
34,Triple Action Cleanser
35,Balancing Moisturizer & Gentle Exfoliant
36,PlantGenius® Melt Moisturizer with Bakuchiol
37,PlantGenius® Brightening Survival Serum
38,PlantGenius® Creamy Bubbling Cleanser with Fruit Enzymes & AHAs
39,PlantGenius® Line-Filling Eye Balm with Bakuchiol
40,Treatment Cleansing Foam
41,Vintage Single Extract Essence
42,MOISTURE BOUND Rejuvenating Crème
43,MOISTURE BOUND Rejuvenating Eye Treatment Gel
44,Treatment Toner 
45,MOISTURE BOUND Refreshing Hydra-Gel Oil-Free
46,The Essential Creme Fluid
47,MOISTURE BOUND Rejuvenating Serum
48,TIME RESPONSE Eye Reserve Crème
49,TIME RESPONSE Skin Reserve Crème
50,Intensive Vitalizing Eye Essence
51,Youth Revolution Vitamin C Radiance Concentrator
52,Treatment Cleansing Oil Face & Eyes
53,Moisture Bound Skin Energy Hydration Mist
54,Botanical Radiance Oil
55,TIME RESPONSE Skin Reserve Serum
56,Hydrating Oil
57,Astringent Toner Pads
58,High Performance Vitamin C Facial Serum
59,Glycolic Exfoliating & Resurfacing Wipes
60,Oil Free Facial Lotion
61,High Performance Continuous Moisture Eye Cream
62,Day Cream Broad Spectrum Sunscreen SPF 30
63,Pomelo Paradis Body Lotion
64,Orange Sanguine Moisturizing Body Lotion
65,Rose Anonyme Moisturizing Body Lotion 
66,The Quench Quadralipid Rapid Recovery Facial Moisturizer
67,The Quench Eye Reviving Quadralipid Eye Balm
68,The Balance pH Balancing Gel Cleanser
69,The Radiance Brightening Vitamin E + Rosehip Seed Facial Oil
70,The Nightly Retinol + Peptide Anti-Aging Serum
71,R45 The Lift 3-Phase Advanced Neck Contouring Treatment
72,The Ultimate Hydrating Vitamin C Facial Moisturizer
73,The ZenBubble Gel Cream
74,The Daily Vitamin C Day Serum with Antioxidant Complex
75,Skin Love Glow Elixir
76,The True Cream Moisturizing Bomb
77,The True Cream Aqua Bomb
78,Moisturizing Eye Bomb
79,Aqua Bomb Sleeping Mask
80,Peat Miracle Revital Eye Cream
81,Peat Miracle Revital Cream
82,Aqua Bomb Jelly Cleanser
83,Aqua Bomb Hydrating Toner
84,Witch Hazel Herbal Extract Toner
85,The True Cream Moisturizing Bomb Deco
86,Hungarian Water Essence
87,Problem Solution Moisturizer
88,Problem Solution Toner
89,Creamy Cleansing Foam Moist 
90,Peat Miracle Revital Serum Concentrate
91,Problem Solution Cleansing Foam
92,The True Cream Aqua Bomb Deco
93,Youth Creator- Age Knockdown Bomb
94,The True Cream Aqua Bomb Aloe Vera
95,Milky Hydra Balancing Moisturizer 
96,Cleansing Gel Oil Enriched
97,Pore Cleaner Foam Cleanser
98,Pore Cleaner Moisturizer
99,Aqua Bomb Mist
100,The True Tincture Essence - Chamomile
101,Cleansing Herb Water
102,Squalane + Omega Repair Cream
103,Squalane + 10% Lactic Acid Resurfacing Night Serum
104,Squalane + Marine Algae Eye Cream
105,Squalane + Probiotic Gel Moisturizer
106,Squalane + Peptide Eye Gel
107,Squalane + Phyto-Retinol Serum
108,Squalane + Tea Tree Balancing Oil
109,100% Sugarcane Squalane
110,Squalane + Antioxidant Cleansing Oil
111,Squalane + Zinc Sheer Mineral Sunscreen SPF 30 PA +++
112,Squalane + Tea Tree Cleansing Gel
113,Squalane + Hyaluronic Toning Mist
114,Vitamin Enriched Face Base Priming Moisturizer
115,Extra Eye Repair Cream
116,Hydrating Eye Cream
117,Hydrating Face Cream Moisturizer
118,Soothing Face Cleanser Oil
119,Hydrating Water Fresh Cream Moisturizer
120,Extra Repair Moisturizing Balm SPF 25
121,Extra Repair Moisture Cream
122,Extra Illuminating Moisture Balm
123,Lathering Tube Soap
124,Hydrating Face Tonic Toner
125,Intensive Skin Supplement Serum
126,Clear Complexion Cleanser
127,MakeUp-BreakUp Cool Cleansing Oil
128,Detoxifying Black Charcoal Cleanser
129,Purifying Cleansing Gel
130,Cactus Water Moisturizer
131,Rosewater Mist with Witch Hazel
132,Resurfacing Treatment Toner with Apple Cider
133,Chia Seed Moisture Cream
134,Rosehip Omega Face Oil
135,Peptide Trio Eye Cream
136,Vitamin B12 Hydration Booster Serum
137,Charcoal Spot Corrector
138,Green Tea Oil-Free Moisturizer
139,Briogeo + Kathleen Lights B. Well Aromatic Essential Oils Kit
140,Eau Parfumée Au Thé Blanc Body Lotion
141,Eau Parfumée Au Thé Vert Body Lotion
142,Leila Lou Oil
143,Rosie Oil
144,James Oil
145,Lake Oil
146,Angie Oil
147,Tilly Oil
148,Vinoperfect Anti Dark Spot Serum
149,Vinopure Natural Salicylic Acid Pore Minimizing Serum
150,Vinoperfect Brightening Glycolic Overnight Cream
151,Beauty Elixir
152,Vinopure Natural Salicylic Acid Pore Minimizing Toner
153,Vinosource Moisturizing Sorbet
154,Vinosource SOS Deep Hydration Serum
155,Instant Foaming Cleanser
156,Vinoperfect Brightening Moisturizer with Niacinamide
157,Vinosource SOS Intense Hydration Moisturizer
158,Vinopure Pore Purifying Gel Cleanser
159,Moisturizing Toner
160,Grape Water
161,Resveratrol Lift Night Infusion Cream
162,Vinoperfect Brightening Glycolic Essence
163,Premier Cru Anti-Aging Rich Cream
164,VineActiv Vitamin C Energizing Eye Cream
165,Vine[activ] Overnight Detox Oil
166,Resveratrol Lift Hyaluronic Acid Eye Lifting Balm
167,Micellar Cleansing Water
168,Premier Cru Anti-Aging Cream
169,Premier Cru Anti-Aging Eye Cream
170,Gentle Cleansing Milk
171,Resveratrol Lift Face Lifting Soft Cream
172,VineActiv Vitamin C Anti-Wrinkle Serum
173,Vinopure Natural Oil Control Moisturizer
174,Premier Cru Anti-Aging Serum
175,Make-Up Removing Cleansing Oil
176,Resveratrol Lift Firming Serum
177,Vinosource Overnight Recovery Oil
178,Premier Cru Anti-Aging Precious Oil
179,VineActiv 3 in 1 Vitamin C Anti-Wrinkle Moisturizer
180,Premieres Vendanges Moisturizing Cream
181,Magic Cream Moisturizer
182,Charlotte's Magic Cream Mini
183,Magic Eye Rescue Cream
184,Charlotte's Magic Night Cream
185,Magic Cream Moisturizer - Lunar New Year Limited Edition
186,Multi-Miracle Glow Cleansing Balm
187,Love Story Body Lotion
188,Double Serum Complete Age Control Concentrate
189,Gentle Foaming Cleanser with Cottonseed
190,One-Step Gentle Exfoliating Cleanser with Orange Extract
191,Extra-Firming Wrinkle Control Regenerating Night Cream
192,Super Restorative Total Eye Concentrate
193,Multi-Active Night Cream - Normal to Combination Skin
194,Extra-Firming Wrinkle Control Firming Day Cream SPF 15
195,Toning Lotion with Camomile
196,Hydra-Essentiel Silky Cream - Normal to Dry Skin
197,Super Restorative Night Age Spot Correcting Replenishing Cream
198,Multi-Active Day Cream SPF 20 - All Skin Types
199,V Shaping Lift Serum
200,Multi Active Day Cream - All Skin Types
201,Blue Orchid Face Treatment Oil
202,Hydra-Essentiel Rich Cream - Very Dry Skin
203,Extra-Comfort Toning Lotion
204,Gentle Foaming Cleanser-Combination or Oily Skin 
205,Extra-Firming Eye
206,Multi-Active Eye
207,Hydra-Essentiel Bi-Phase Serum
208,Santal Face Treatment Oil
209,Cleansing Milk with Alpine Herbs
210,Lotus Face Treatment Oil
211,Beauty Flash Balm
212,Hydra-Essentiel Cooling Gel - Normal to Combination Skin
213,Sunscreen Care Oil Spray Broad Spectrum SPF 30
214,Eye Contour Gel
215,Multi-Active Day Cream-Gel - Normal to Combination Skin
216,Enhancing Eye Lift Serum
217,Extra??Firming Day Cream All Skin Types
218,UV PLUS Anti-Pollution Sunscreen Multi-Protection Tint SPF 50
219,Refreshing Gel Cleanser
220,Radiance Foaming Milk Cleanser
221,Skin Renewing Peel Treatment Glycolic Acid Cleanser
222,Pore & Blemish Acne Cleanser
223,Moisture Surge 72-Hour Auto-Replenishing Hydrator
224,Dramatically Different Moisturizing Lotion+
225,Dramatically Different Moisturizing Gel
226,Liquid Facial Soap
227,Even Better Clinical Radical Dark Spot Corrector + Interrupter
228,Clarifying Lotion 2
229,Take The Day Off Cleansing Balm
230,Clinique iD Custom-Blend Hydrator Collection
231,All About Eyes Rich Eye Cream
232,Acne Solutions Clinical Clearing Gel
233,All About Eyes
234,Moisture Surge Intense Skin Fortifying Hydrator
235,Acne Solutions Cleansing Foam
236,Redness Solutions with Probiotic Technology Daily Relief Cream
237,Clarifying Lotion 3
238,Clinique Smart Custom-Repair Serum
239,Clarifying Lotion 2
240,Rinse-Off Foaming Cleanser
241,Acne Solutions Clarifying Lotion
242,Turnaround Overnight Revitalizing Moisturizer
243,Dramatically Different Hydrating Jelly
244,Pep-Start 2-in-1 Exfoliating Cleanser
245,Clinique iD??  Moisturizer + Concentrate for Pores & Uneven Texture
246,Smart Night Custom-Repair Moisturizer - Dry Combination
247,Superdefense SPF 25 Fatigue + 1st Signs of Age Multi-Correcting Cream
248,Repairwear Laser Focus Wrinkle Correcting Eye Cream
249,Pep-Start Eye Cream
250,Blackhead Solutions Self-heating Blackhead Extractor
251,Smart Night Custom-Repair Moisturizer - Very Dry to Dry
252,Clinique For Men Anti-Age Moisturizer
253,Take The Day Off Cleansing Oil
254,Clinique iD??  Moisturizer + Concentrate for Uneven Skin Tone
255,Clinique iD??  Moisturizer + Concentrate for Lines & Wrinkles
256,Repairwear Anti-Gravity Eye Cream
257,Fresh Pressed Daily Booster with Pure Vitamin C 10%
258,Moisture Surge Eye 96-Hour Hydro-Filler Concentrate
259,Redness Solutions Soothing Cleanser
260,Clinique For Men Maximum Hydrator 72-Hour Auto-Replenishing Hydrator
261,All About Eyes Serum De-Puffing Eye Massage
262,Repairwear Laser Focus 
263,Clinique Smart Clinical MD Multi-Dimensional Age Transformer Revolumize
264,Facial Soap with Dish
265,Repairwear Laser Focus Night Line Smoothing Cream for Very Dry to Dry Combination Skin
266,Broad Spectrum SPF 50 Sunscreen Face Cream
267,Moisture Surge Hydrating Supercharged Concentrate
268,Clinique iD??  Moisturizer + Concentrate for Irritation
269,Acne Solutions Acne + Line Correcting Serum
270,Clinique For Men Anti-Age Eye Cream
271,Clarifying Lotion 3
272,Clinique iD??  Moisturizer + Concentrate for Fatigue
273,Clarifying Lotion 1
274,Repairwear Laser Focus Night Line Smoothing Cream for Combination Oily to Oily Skin
275,Oil Control Mattifying Moisturizer
276,Moisture Surge Face Spray
277,Acne Solutions Cleansing Face and Body Soap
278,Repairwear Uplifting Firming Cream
279,Moisturizing Lotion
280,Dramatically Different Moisturizing Cream
281,Acne Solutions Cleansing Gel
282,Smart Broad Spectrum SPF 15 Custom-Repair Moisturizer for Dry Combination Skin
283,Broad Spectrum SPF 21 Moisturizer
284,Foaming Sonic Facial Soap
285,Superdefense City Block SPF 50+ Daily Energy + Face Protector
286,Clarifying Lotion 4
287,City Block Sheer Oil-Free Daily Face Protector SPF 25
288,Even Better Skin Tone Correcting Lotion Broad Spectrum SPF 20
289,Turnaround Revitalizing Serum
290,Clinique Smart Custom-Repair Eye Treatment
291,Clinique Smart Clinical MD Multi-Dimensional Age Transformer Duo Resculpt + Revolumize
292,Pep-Start HydroBlur Moisturizer
293,Smart Broad Spectrum SPF 15 Custom-Repair Moisturizer for Very Dry to Dry Skin
294,Repairwear Laser Focus Line Smoothing Cream Broad Spectrum SPF 15 for Very Dry to Dry Combination Skin
295,Smart Night Custom-Repair Moisturizer -Combination Oily to Oily
296,Exfoliating Tonic
297,Even Better Eyes Dark Circle Corrector
298,Fresh Pressed Renewing Powder Cleanser with Pure Vitamin C
299,Pore Refining Solutions Stay-Matte Hydrator
300,Fresh Pressed Clinical Daily + Overnight Boosters with Pure Vitamin C 10% + A (Retinol)
301,Clinique For Men Maximum Hydrator Eye 96-Hour Hydro-Filler Concentrate
302,Repairwear Uplifting Firming Cream Broad Spectrum SPF 15
303,Broad Spectrum SPF 50 Mineral Sunscreen Fluid for Face
304,Dramatically Different Hydrating Jelly Mini
305,Fresh Pressed 7-day System with Pure Vitamin C
306,Repairwear Sculpting Night Cream
307,Pore Refining Solutions Correcting Serum
308,Moisture Surge Hydrating Lotion
309,Turnaround Revitalizing Lotion
310,Broad Spectrum SPF 30 Mineral Sunscreen Lotion for Body
311,Clinique For Men Super Energizer Anti-Fatigue Depuffing Eye Gel
312,Pep-Start Daily UV Protector Broad Spectrum SPF 50
313,Even Better Skin Tone Correcting Moisturizer Broad Spectrum SPF 20
314,Repairwear Laser Focus Line Smoothing Cream Broad Spectrum SPF 15 for Combination Oily to Oily Skin
315,Full Spectrum 360° Sun Silk Drops Organic Sunscreen SPF 30
316,Classic Face Sunscreen SPF 50 White Tea
317,Makeup Setting Spray Organic Sunscreen SPF 30
318,Mineral Sun Silk Crème SPF 30
319,Mineral Face Organic Matte Finish Sunscreen Lotion SPF 30
320,ER+ Radical Recovery After-Sun Lotion
321,Daydream Mineral Primer SPF 30
322,Full Spectrum 360°  Mineral Sun Silk Moisturizer Organic Sunscreen SPF 30
323,Mineral Face Organic Matte Tint Sunscreen Lotion SPF 30
324,SPF 30 Booster Drops Broad Spectrum Sunscreen
325,Special Cleansing Gel
326,Biolumin-C Vitamin C Eye Serum
327,Active Moist Moisturizer
328,Dynamic Skin Recovery SPF50 Moisturizer
329,Precleanse Cleansing Oil
330,Ultracalming Cleanser
331,Super Rich Repair Moisturizer
332,Multi-Active Toner 
333,Intensive Moisture Balance Moisturizer
334,BioLumin-C Vitamin C Serum
335,Skin Smoothing Cream Moisturizer
336,Calm Water Gel Moisturizer 
337,Clearing Skin Wash
338,MultiVitamin Power Firm Eye Cream
339,AGE Bright Clearing Serum
340,Invisible Physical Defense Sunscreen SPF 30
341,Ultracalming Serum Concentrate
342,Sound Sleep Cocoon Night Gel-Cream
343,Age Reversal Eye Complex
344,AGE Smart Phyto-Nature Firming Serum
345,AGE Bright Spot Fader
346,Clearing Defense SPF 30 Moisturizer
347,Stress Positive Eye Lift Mask 
348,Breakout Clearing Foaming Wash
349,Prisma Protect SPF 30 Moisturizer
350,Active Clay Prebiotic Cleanser
351,Skin Soothing Hydrating Lotion
352,Intensive Moisture Cleanser
353,Precleanse Balm
354,Breakout Clearing All Over Toner
355,Breakout Clearing Booster
356,Capture Youth Serum Collection
357,Capture Totale Multi-Perfection Creme
358,Capture Youth Glow Booster Age-Delay Illuminating Serum
359,Capture Youth Lift Sculptor Age-Delay Lifting Serum
360,Hydra Life Hydration Rescue Intense Sorbet Creme
361,One Essential Skin Boosting Super Serum
362,Capture Youth Plump Filler Age-Delay Plumping Serum
363,Capture Totale C.E.L.L. ENERGY - Super Potent Age-Defying Intense Serum
364,Capture Youth Age-Delay Advanced Crème
365,Capture Totale Intensive Night Restorative Crème
366,Capture Totale C.E.L.L. ENERGY - Firming & Wrinkle-Correcting Eye Cream
367,Capture Totale C.E.L.L. ENERGY - Firming & Wrinkle-Correcting Crème
368,One Essential Eye Serum
369,Hydra Life Micellar Water No Rinse Cleanser
370,Hydra Life Deep Hydration Sorbet Water Essence
371,Capture Youth Redness Soother Age-Delay Anti-Redness Soothing Serum
372,Diorsnow Brightening Refining Moist Cloud Crème
373,J'adore Body Milk
374,Diorsnow Essence of Light Pure Concentrate of Light Brightening Milk Serum
375,Hydra Life Balancing Hydration 2 in 1 Sorbet Water
376,Capture Totale C.E.L.L. ENERGY High-Performance Gentle Cleanser
377,Capture Totale C.E.L.L. ENERGY - High-Performance Treatment Serum-Lotion
378,Hydra Life Cooling Hydration Sorbet Eye Gel
379,Hydra Life Micellar Milk No Rinse Cleanser
380,Hydra Life Lotion To Foam Fresh Cleanser
381,Hydra Life Oil To Milk Makeup Removing Cleanser
382,Capture Youth Matte Maximizer Age-Delay Mattifying Serum
383,Capture Totale Multi-Perfection Creme Refill
384,Hydra Life Fresh Hydration Sorbet Crème
385,Light Blue Cream
386,The One Body Lotion
387,Cashmere Mist Body Lotion
388,Cashmere Mist Body Creme 
389,No Worries Hydrating Face Moisturizer
390,Down Under Collagen Boosting Eye Treatment
391,Perky Collagen Boosting Serum
392,True Blue Hydrating Serum
393,Noosa Nourishing Crème Cleanser
394,Stoked Weightless Face Moisturizer
395,Kibosh Weightless Foaming Cleanser
396,Surf Chaser Reverse Aging Serum
397,Tassie Anti-Pollution Serum
398,Bondi Hydrating Mist
399,Ningaloo Copper Peptide Firming Serum
400,Lifesaver Skin Brightening Toner
401,Hyaluronic Serum
402,Glow Drops
403,Super Anti-Aging Serum
404,Face Cream
405,Enzyme Cleanser
406,Eye Cream
407,Face Cream Rich
408,Cleanser
409,Anti-Pollution Drops
410,Calming Serum
411,Night Serum
412,Sun Drops SPF 50
413,Darker Skin Tones Hyaluronic Serum
414,Clarifying Face Cream
415,Balancing Toner
416,Clarifying Spot Treatment
417,Face Cream Light
418,Clarifying Acne Spot Treatment
419,Lifting Serum
420,Brightening Serum
421,Clarifying Serum
422,Darker Skin Tones Enzyme Cleanser
423,Brightening Face Cream
424,Darker Skin Tones Face Cream
425,Hydrating Face Mist
426,Brightening Face Lotion
427,Hyaluronic Ampoules
428,Darker Skin Tones Face Cream Rich
429,Darker Skin Tones Foam Cleanser
430,needles no more® NO MORE BAGGAGE eye de-puffing gel
431,Dark Spots No More® Triple Acid Spot Minimizing Concentrate
432,Needles No More Wrinkle Smoothing Cream
433,Do Not Age with Dr. Brandt Triple Peptide Eye Cream
434,Hyaluronic Facial Cream
435,Do Not Age with Dr. Brandt Time Defying Cream
436,2% Retinol Complex Serum
437,pores no more® Pore Purifying Cleanser
438,24/7 Retinol Eye Cream
439,Do Not Age with Dr. Brandt Transforming Pearl Serum
440,Clean Biotic pH-balanced yogurt cleanser with chlorophyll
441,pores no more® Mattifying Hydrator Pore Minimizing Gel
442,Bright Biotic Dark Spot Minimizing Serum
443,Alpha Beta® Pore Perfecting Cleansing Gel
444,Vitamin C+ Collagen Deep Cream
445,Ferulic Acid + Retinol Brightening Solution
446,Alpha Beta® Pore Perfecting & Refining Serum
447,Ferulic + Retinol Triple Correction Eye Serum
448,C+ Collagen Brighten & Firm Vitamin C Serum
449,Ferulic + Retinol Anti-Aging Moisturizer
450,Hyaluronic Marine Oil-Free Moisture Cushion
451,Stress Repair Face Cream with Niacinamide
452,Ferulic + Retinol Wrinkle Recovery Overnight Serum
453,Stress Rescue Super Serum with Niacinamide
454,Alpha Beta® Exfoliating Moisturizer
455,Hyaluronic Marine Hydration Booster
456,Clinical Grade IPL Dark Spot Correcting Serum
457,Stress SOS Eye Cream with Niacinamide
458,Ferulic + Retinol Eye Cream
459,Dark Spot Sun Defense Broad Spectrum SPF 50
460,All-In-One Cleanser With Toner
461,Hyaluronic Marine Dew It Right Eye Gel
462,Vitamin C+ Collagen Brighten & Firm Eye Cream
463,C + Collagen Perfect Skin Set & Refresh Mist
464,Instant Radiance Sun Defense Sunscreen Broad Spectrum SPF 40
465,Sheer Mineral Sun Spray SPF 50
466,Clinical Concentrate Radiance Booster 
467,Color Smart Cleanser & Mask
468,Ceramidin Cream
469,Cicapair Tiger Grass Cream
470,Cicapair Tiger Grass Serum
471,Focuspot Micro Tip Patches
472,Ceramidin Liquid
473,Cicapair Tiger Grass Camo Drops SPF 44
474,Cicapair Tiger Grass Calming Gel Cream
475,Focuspot Blemish Micro Tip Patch
476,Teatreement Moisturizer
477,V7 Priming Moisturizer
478,Peptidin Radiance Serum with Energy Peptides
479,Focuspot Dark Spot Micro Tip Patch
480,Focuspot Line & Wrinkle Micro Tip Patch
481,Dermaclear Micro Foam
482,Cicapair Tiger Grass Calming Mist
483,Dermaclear Micro Water
484,Teatreement Cleansing Foam
485,Peptidin Firming Serum with Energy Peptides
486,V7 Antioxidant Serum
487,Teatreement Toner
488,Focuspot Dark Circle Micro Tip Patch
489,Every Sun Day Sun Fluid SPF 50+
490,Every Sun Day Mineral Sunscreen SPF 50+
491,Protini Polypeptide Moisturizer
492,C-Firma Vitamin C Day Serum
493,T.L.C. Framboos Glycolic Resurfacing Night Serum
494,Lala Retro Whipped Moisturizer with Ceramides
495,B-Hydra Intensive Hydration Serum
496,A-Passioni Retinol Cream
497,Virgin Marula Antioxidant Face Oil
498,Beste No. 9 Jelly Cleanser
499,C-Tango Multivitamin Eye Cream
500,D-Bronzi Anti-Pollution Sunshine Drops
501,Virgin Marula Antioxidant Face Oil Mini
502,Shaba Complex Firming Eye Serum
503,Slaai  Makeup-Melting Butter Cleanser
504,Umbra Sheer Physical Daily Defense Broad Spectrum Sunscreen SPF 30
505,Umbra Tinte Physical Daily Defense Broad Spectrum Sunscreen SPF 30
506,JuJu Exfoliating Bar
507,Pekee Cleansing Bar
508,No. 3 Exotic Goddess Ageless Serum
509,No. 4 Vanilla Silk Hydrating Lotion
510,Deep Sea Collagen Elixir Serum Plump and Refine
511,Turmeric Beauty Latte Serum Clear and Brighten
512,Probiotic Radiance Tonic  Serum Calm and Restore
513,Coco Bliss Intensive Repair
514,No. 2 Citrus Rhapsody Toner Mist
515,Gold Rush Eye Balm
516,Snowflower Illuminating Face Oil
517,Glowing Skin Smoothie Serum Protect and Smooth
518,No. 1 Belle Frais Cleansing Milk
519,Marvelous CBD Massage and Body Oil
520,Marvelous CBD Massage & Body Oil Rollerball
521,Raven Excellent Body Milk
522,Myth Excellent Body Milk
523,Verb Excellent Body Milk
524,Pseudonym Excellent Body Milk
525,Fable Excellent Body Milk
526,Rrose Excellent Body Milk
527,Double Mousse Gentle Cleansing Foam
528,Solid Cleansing Oil - Coconut Oil Makeup Remover
529,Glow Cream Highlighting Primer
530,Phelityl Night Cream
531,Hydraphel Skin Supplement Lotion
532,Phormula 3-9 Repair Cream
533,Detoxifying Cleansing Oil
534,Pore Refining Detox Double Cleanse
535,Light Controlling Lotion
536,Advanced Night Repair Synchronized Recovery Complex II
537,Advanced Night Repair Eye Supercharged Complex
538,Advanced Night Repair Synchronized Recovery Complex II Duo
539,Revitalizing Supreme Global Anti-Aging Crème
540,Micro Essence Skin Activating Treatment Lotion
541,Perfectionist CP+R Wrinkle Lifting/Firming Serum
542,Resilience Multi-Effect Night Tri-Peptide Face and Neck Creme
543,DayWear Matte Oil-Control Anti-Oxidant Moisture Gel Creme
544,Perfectly Clean Multi-Action Foam Cleanser/Purifying Mask 
545,Advanced Night Repair Intense Reset Concentrate
546,Advanced Night Repair Concentrated Recovery Eye Mask
547,Nutritious Super-Pomegranate Radiant Energy 2-in-1 Cleansing Foam
548,Advanced Night Repair Eye Concentrate Matrix
549,Idealist Pore Minimizing Skin Refinisher
550,NightWear Plus Anti-Oxidant Night Detox Creme
551,Micro Essence Skin Activating Treatment Lotion Mini
552,Perfectionist Pro Rapid Firm + Lift Treatment
553,Revitalizing Supreme+ Night Intensive Restorative Crème
554,Advanced Time Zone Night Age Reversing Line/Wrinkle Crème
555,"DayWear Advanced Multi-Protection Anti-Oxidant Creme, Normal/Combination"
556,Soft Clean Moisture Rich Foaming Cleanser
557,Nutritious Super-Pomegranate Radiant Energy Moisture Crème
558,Perfectionist Pro Instant Wrinkle Filler Tri-Polymer Blend
559,Perfectly Clean Multi-Action Toning Lotion/Refiner 
560,DayWear Eye Cooling Anti-Oxidant Moisture GelCreme
561,Advanced Time Zone Age Reversing Line/Wrinkle Eye Creme
562,Revitalizing Supreme Global Anti-Aging Eye Balm
563,Advanced Time Zone SPF 15- Normal/Combination Skin
564,Advanced Night Micro Cleansing Foam
565,Advanced Night Micro Cleansing Balm
566,Perfectionist Pro Rapid Brightening Treatment with Ferment2 + Vitamin C
567,"DayWear Advanced Multi-Protection Anti-Oxidant Creme, Dry"
568,Cleanser
569,Time Retreat Radiance Boost Treatment
570,WHITE Brightening Cream
571,Time Retreat Radiance Essence
572,Gel Balm Cleanser
573,Age Defying Smoothing Treatment
574,Radiance Antioxidant Eye Cream
575,Moisture Cream
576,Time Retreat Intensive Night Cream
577,Radiance Face Mist
578,Dynaspot
579,Time Retreat Eye Treatment
580,Cleansing Oil Capsules
581,WHITE Advanced Brightening Serum
582,WHITE Brightening Lotion
583,Brumisateur® Natural Mineral Water Facial Spray
584,Brumisateur® Natural Mineral Water Facial Spray Travel Duo
585,Brumisateur® Natural Mineral Water Facial Spray Travel Trio
586,HONEYMOON GLOW AHA Resurfacing Night Serum with Hydrating Honey + Gentle Flower Acids
587,Green Clean Makeup Removing Cleansing Balm
588,Honey Drop Lightweight Moisturizer
589,Green Defense Daily Mineral Sunscreen
590,Clean Bee Ultra Gentle Facial Cleanser
591,Cheer Up Brightening Vitamin C Eye Cream with Acerola Cherry
592,Honey Grail Ultra-Hydrating Face Oil
593,Sleep Tight Firming Night Balm
594,Dew It All Total Eye Cream
595,Honey Savior All-in-One Skin Repair Salve
596,Very Cherry Bright 15% Clean Vitamin C Serum with Acerola Cherry
597,Green Clean Makeup Meltaway Cleansing Balm Limited Edition Jumbo
598,Better Daze Ahead CBD Moisturizer
599,Daily Greens Oil-Free Gel Moisturizer with Moringa and Papaya
600,Rose Gold Elixir ?? 24k Gold Infused Beauty Oil
601,Liquid Powder Oil Balancing Serum
602,Rose Gold Elixir 24K Moisturizing Gel Cream
603,Haldi Eyes Brightening Turmeric Eye Cream
604,Mini Liquid Glass Radiance Serum
605,Volcanic Elixir Polynesian Beauty Oil
606,Ultra Repair® Cream Intense Hydration
607,Pure Skin Face Cleanser
608,Ultra Repair Face Moisturizer
609,Ultra Repair Wild Oat Hydrating Toner
610,Hello FAB Coconut Water Cream
611,Ultra Repair® Hydrating Serum
612,Ultra Repair Hydra-Firm Sleeping Cream
613,Hello FAB Coconut Skin Smoothie Priming Moisturizer
614,Ultra Repair Oil-Control Moisturizer
615,"Eye Duty Triple Remedy: Brighten, Depuff and Smooth"
616,Skin Rescue Deep Cleanser With Red Clay
617,FAB Skin Lab Retinol Eye Cream with Triple Hyaluronic Acid
618,Ultra Repair® Oat & Hemp Seed Dry Oil
619,Weightless Liquid Mineral SPF 30
620,5 in 1 Face Cream SPF 30
621,FAB Skin Lab Retinol Serum 0.25% Pure Concentrate
622,Ultra Repair BarriAIR Cream
623,Skin Rescue Acne Clearing Pads with White Clay
624,5 in 1 Eye Cream
625,Eye Duty Triple Remedy A.M. Gel Cream
626,Skin Rescue Daily Face Cream
627,Skin Rescue Oil-Free Mattifying Gel Moisturizer
628,Ultra Repair Cream Cucumber Melon
629,Ultra Repair Cream Rosemary Mint
630,Eye Duty Triple Remedy Overnight Balm
631,Age Adapting CBD Serum
632,Soy Makeup Removing Face Wash
633,Rose & Hyaluronic Acid Deep Hydration Moisturizer 
634,Lotus Anti-Aging Night Moisturizer 
635,Rose & Hyaluronic Acid Deep Hydration Toner
636,Lotus Anti- Aging Daily Moisturizer 
637,Kombucha Antioxidant Facial Treatment Essence
638,Black Tea Firming and De-Puffing Eye Cream
639,Jumbo Rose & Hyaluronic Acid Deep Hydration Moisturizer
640,Sugar Strawberry Exfoliating Face Wash
641,Vitamin Nectar Glow Juice Antioxidant Face Serum
642,Black Tea Corset Cream Firming Moisturizer
643,Vitamin C Glow Moisturizer
644,Lotus Youth Preserve Eye Cream
645,Rose Floral Toner
646,Seaberry Moisturizing Face Oil
647,Vitamin Nectar Antioxidant Face Mist
648,Black Tea Age-Delay Cream
649,Rose Hydrating Eye Gel Cream
650,Kombucha Facial Treatment Essence NYC Limited Edition
651,Black Tea Age-Delay Firming Serum
652,Rose Cleansing Foam
653,Crème Ancienne® Soft Cream
654,Black Tea Firming Eye Serum
655,Soy Face Cleansing Milk
656,Seaberry Skin Nutrition Cleansing Oil
657,Crème Ancienne® Eye Cream
658,Lotus Eye Gel
659,Crème Ancienne Face Oil Elixir
660,Umbrian Clay Purifying Facial Toner
661,Lotus Youth Preserve Radiance Lotion
662,Peony Brightening Night Treatment Mask
663,Umbrian Clay Purifying Treatment Bar
664,Crème Ancienne®
665,Rose Hydrating Gel Cream
666,Crème Ancienne® Supreme Face Serum
667,Umbrian Clay Mattifying Serum
668,Moisturizing Hand Cream
669,Limited-Edition Black Tea Age-Delay Firming Serum
670,FreshFace Instant Glow Luminizer
671,Crème Ancienne® Infusion Toner
672,Crème Ancienne Supreme Eye Serum
673,Fresh Life Body Oil
674,GLOWSTARTER Mega Illuminating Moisturizer
675,BRIGHTEYES Illuminating Anti-Fatigue Eye Cream
676,SUPERTONER Exfoliating Acid Solution Toner
677,SUPERCLEANSE Clearing Cream-to-Foam Cleanser
678,Waterburst Hydrated Glow Moisturizer
679,Good in Bed Passionfruit Softening Night Cream
680,GENTLEBUBBLE  Daily Conditioning Cleanser
681,MOISTURETRIP Omega-Rich Face Moisturizer
682,SUPERSERUM 6-Acid Refining Treatment Serum
683,TROPICALCLEANSE Daily Exfoliating Cleanser
684,STARPOTION Liquid Charcoal Clarifying Oil
685,DREAMDUO Overnight Transforming Treatment
686,Watermelon Pink Juice Oil-Free Moisturizer
687,Banana Soufflé Moisture Cream
688,Pineapple-C Brightening Serum
689,Watermelon Glow Ultra-Fine Mist
690,Blueberry Bounce Gentle Cleanser
691,GOOPGLOW 20% Vitamin C and Hyaluronic Glow Serum
692,Bamboo Body Lotion
693,Abeille Royale Youth Watery Anti-Aging Oil
694,Abeille Royale Youth Watery Anti-Aging Oil Cherry Blossom Limited Edition
695,Abeille Royale Daily Repair Serum
696,Orchidée Impériale The Cream
697,Abeille Royale Double R Serum
698,Midnight Secret Late Night Recovery Treatment
699,Abeille Royale Night Cream
700,Orchidee Imperiale The Eye and Lip Contour Cream
701,Abeille Royale Anti-Aging Eye Cream
702,Abeille Royale Day Cream
703,Météorites Oxygen Care Moisturizer & Radiance Booster
704,Mon Guerlain Perfumed Body Lotion
705,Super Aqua-Serum
706,Orchidée Impériale The Gel Cream
707,Emerald CBD + Adaptogens Deep Moisture Glow Oil
708,Phoenix Cell Regenerating Facial Oil
709,Lapis Balancing Facial Oil
710,Pink Cloud Rosewater Moisture Crème
711,Emerald Hemp Seed Deep Moisture Glow Oil
712,Orchid Youth-Preserving Facial Oil
713,Prism 12% AHA + 3% BHA Exfoliating Glow Serum
714,Rose Hibiscus Hydrating Mist
715,Jasmine Green Tea Balancing Toner
716,Bamboo Charcoal Detoxifying Soap Bar
717,Moon Fruit Superfruit Night Treatment
718,Pink Clay Gentle Soap Bar
719,High Expectations Cannabis Seed Facial Oil
720,De-Puffing Under Eye Jade Roller
721,Salve The Day Multi Balm
722,Brightening Cleanser
723,CoQ-10 Toner
724,Squalane Facial Oil
725,I-Waken Eye Serum
726,Rosehip Cleanser
727,Banish Stick
728,Stem Cell Serum
729,Retinol Anti-Aging Serum
730,Hyaluronic Acid Hydrating Serum
731,Caffeine Eye Cream
732,Retinol Eye Cream
733,15% Vitamin C and EGF Brightening Serum
734,Brighten-i Eye Cream
735,Salicylic Acid Acne + Pore Cleanser
736,Peptide Moisturizer
737,Tranexamic Acid Hyperpigmentation Treatment
738,Collagen Booster Firming Peptide Serum
739,Glycolic Acid Exfoliating Toner
740,Q10 Antioxidant Serum
741,Beta Hydroxy Acid (BHA) Blemish + Blackhead Serum
742,Oat Cleansing Balm
743,"Vitamin B, C, and E Moisturizer"
744,Niacinamide Oil Control Serum
745,Bakuchiol Retinol Alternative Moisturizer
746,Ceramide Hydrating Night Treatment
747,Alpha Arbutin Brightening Serum
748,Polyglutamic Acid Hydrating Serum
749,Polyhydroxy Acid (PHA) Gentle Exfoliating Toner
750,Rosehip Nourishing Night Oil
751,Vitamin C Brightening Cream
752,Multi-Biotic Balancing Moisturizer 
753,Squalane Oil
754,Turmeric Brightening Moisturizer 
755,Snow Mushroom Hydrating Gel Moisturizer
756,Alpha Hydroxy Acid Serum
757,Lactic Acid Serum
758,Hepta-Peptide Anti-Aging Serum
759,Hemp Oil Moisturizer
760,Oil and Water Double Cleanser
761,Daily UV Defense Sunscreen SPF 36
762,Green Tea Seed Intensive Hydrating Serum
763,Green Tea Seed Intensive Hydrating Cream
764,Jeju Cherry Blossom Dewy Glow Jelly Cream
765,Volcanic Clusters Pore Clearing Toner
766,Volcanic Clusters Pore Clearing Facial Foam
767,Fermented Soybean Firming Energy Essence
768,Green Tea Hydrating Cleansing Foam
769,Green Tea Hydrating Cleansing Oil
770,Green Tea Seed Intensive Hydrating Eye Cream
771,Orchid Youth-Enriched Cream
772,Orchid Youth-Enriched Gel Cream
773,Green Tea Moisture-Balancing Toner
774,Orchid Youth-Enriched Eye Cream
775,Green Tea Seed Intensive Hydrating Toner
776,Green Tea Seed Intensive Hydrating Roll-On Eye Serum
777,Tangerine Brightening & Pore-Refining Serum
778,Green Barley Daily Refining Serum
779,Tangerine Brightening & Pore-Refining Cleanser
780,Green Tea Moisture-Balancing Cream
781,Cica Balm with Bija Seed Oil
782,Green Tea Moisture-Balancing Emulsion
783,Tangerine Brightening & Pore-Refining Moisturizer
784,Green Barley Refining Bubble Cleanser
785,Over It Magic Self-Tan Eraser
786,Confidence in a Cream Hydrating Moisturizer
787,Secret Sauce Anti-Aging Moisturizer
788,Bye Bye Under Eye Brightening Eye Cream
789,Confidence in Your Beauty Sleep
790,Bye Bye Redness Neutralizing Color-Correcting Cream
791,Confidence in a Cleanser
792,Miracle Water Micellar Cleanser
793,Confidence in a Gel Lotion
794,Bye Bye Pores Leave-On Solution Pore-Refining Toner
795,Bye Bye Makeup Cleansing Balm
796,Bye Bye Redness Sensitive Skin Moisturizer
797,Bye Bye Lines Anti-Aging Serum
798,Confidence in a Cream Hydrating Moisturizer Mini
799,Anti-Aging Armour Tinted Sunscreen SPF 50+
800,Confidence In A Cream Rosy Tone
801,Double-Duty Face Moisturizer Broad Spectrum SPF 20
802,Protein Booster Skin Serum
803,Clean Break Oil-Free Moisturizer
804,Protein Booster Eye Rescue
805,Cool Moisture Body Lotion
806,Oil-Free Sun Guard Sunscreen Water Resistant SPF 45
807,Eye Balm De-Puffing & Cooling Gel
808,Line Smoother Oil-Free Moisturizer
809,Power Peel Multi-Acid Resurfacing Pads
810,Dry Erase® Ultra-Calming Face Cream
811,Oil-Control Toner
812,Nectarine Blossom & Honey Body & Hand Lotion
813,English Pear & Freesia Body & Hand Lotion
814,Peony & Blush Suede Body Crème
815,Orange Blossom Body & Hand Lotion
816,Nectarine Blossom & Honey Body Crème
817,English Pear & Freesia Body Crème
818,Lime Basil & Mandarin Body & Hand Lotion
819,Wood Sage & Sea Salt Body Crème
820,Peony & Blush Suede Body & Hand Lotion
821,Mimosa & Cardamom Body Crème
822,Geranium & Walnut Hand Cream
823,Orange Blossom Body Crème
824,Lime Basil & Mandarin Body Crème
825,Blackberry & Bay Body & Hand Lotion
826,Red Roses Body Crème
827,Pomegranate Noir Body & Hand Lotion
828,Pomegranate Noir Body Crème
829,100 percent Pure Argan Oil
830,Whipped Argan Oil Face Butter
831,Argan Daily Moisturizer SPF 47 
832,Argan Beta Retinol Pink Algae Serum
833,100 percent Pure Argan Oil Light 
834,Argan Bright Skin Vitamin C Serum
835,Argan Daily Moisturizer Tinted SPF 47 Protect + Perfect
836,Pure Argan Milk Intensive Hydrating Treatment
837,Skin Dope Argan Oil + 100 mg CBD
838,Argan Cleansing Oil
839,Argan Infinity Cream Intensive Creamy Oil
840,Skin Dope Argan + Hemp Oil
841,Argan Smooth Skin Resurfacing Serum
842,Skin Dope 100mg CBD Recovery Face Moisturizer
843,Not A Hand Cream
844,ExfoliKate® Cleanser Daily Foaming Wash
845,EradiKate Acne Treatment
846,Kx Active Concentrates Ceramides + Omegas Serum
847,EradiKate® Daily Cleanser Acne Treatment
848,Anti Bac Clearing Lotion
849,Oil Free Moisturizer
850,Goat Milk Moisturizing Cream
851,Wrinkle Warrior 2-in-1 Plumping Moisturizer + Serum
852,ExfoliKate® Glow Moisturizer
853,Age Arrest Anti-Wrinkle Cream
854,D-Scar Scar Diminishing Serum
855,EradiKate® Salicylic Acid Acne Treatment
856,Goat Milk Moisturizing Cleanser
857,+Retinol Vita C Power Serum
858,Dry Skin Saver
859,+Retinol Vitamin C Moisturizer
860,EradiKate Mask Foam-Activated Acne Treatment
861,Retinol Firming Eye Cream
862,Line Release Under Eye Repair Cream
863,Gentle Daily Wash
864,Kx Active Concentrates Bio-Mimicking Peptides Serum
865,Quench Hydrating Face Serum
866,Peptide K8 Power Cream
867,Age Arrest Eye Cream
868,DermalQuench Liquid Lift + Retinol Advanced Resurfacing Treatment
869,Wrinkle Warrior® Eye Gel Visible Dark Circle Eraser
870,DermalQuench Liquid Lift Advanced Wrinkle Treatment 
871,Dermal Quench Wrinkle Warrior
872,Tight'N Cryogenic Tightening Gel
873,Purify Clarifying Cleanser
874,Daily Deflector Waterlight Broad Spectrum SPF 50+ PA+++ Anti-Aging Sunscreen
875,KateCeuticals Contouring Eye Serum
876,Moisturizing Skin Guardian
877,Bare Body Powder-Oil
878,Vital-Ice Cream
879,Lotus Caress to Moisturize Eyes
880,White Lotus Moisturizing Jelly
881,Ultra Facial Cream
882,Powerful-Strength Dark Circle Reducing Vitamin C Eye Serum
883,Creamy Eye Treatment with Avocado
884,Midnight Recovery Concentrate
885,Clearly Corrective Dark Spot Solution
886,Calendula Deep Clean Foaming Face Wash
887,Calendula Herbal Extract Alcohol Free Toner
888,Powerful-Strength Line-Reducing Concentrate 12.5% Vitamin C
889,Ultra Facial Cleanser
890,Facial Fuel Energizing Moisturizer for Men
891,Ultra Facial Oil-Free Gel-Cream
892,Super Multi-Corrective Cream
893,Ultra Facial Moisturizer SPF 30
894,Ultra Facial Toner
895,Rare Earth Deep Pore Daily Cleanser
896,Daily Reviving Concentrate
897,Super Fluid Daily UV Defense Sunscreen Broad Spectrum SPF 50+
898,Ultra Facial Overnight Hydrating Mask
899,Midnight Recovery Eye
900,Calendula Serum-Infused Water Cream
901,Cannabis Sativa Seed Oil Herbal Concentrate (Hemp-Derived) 
902,Hydro-Plumping Re-Texturizing Serum Concentrate
903,Ultra Facial Cream SPF 30
904,Age Defender Moisturizer
905,Ultra Facial Moisturizer
906,Blue Herbal Acne Cleanser Treatment
907,Midnight Recovery Botanical Cleansing Oil
908,Powerful Wrinkle Reducing Eye Cream
909,Powerful Wrinkle Reducing Cream Sunscreen Broad Spectrum SPF 30
910,Cucumber Herbal Conditioning Cleanser
911,Clearly Corrective Brightening and Smoothing Moisture Treatment
912,Super Multi-Corrective Cream Sunscreen Broad Spectrum SPF 30
913,Dermatologist Solutions Centella Sensitive Facial Cleanser
914,Clearly Corrective Brightening & Exfoliating Daily Cleanser
915,Cucumber Herbal Alcohol-Free Toner
916,Facial Fuel Sunscreen Broad Spectrum SPF 20
917,Facial Fuel Energizing Moisturizer for Men Mini
918,Eye Fuel
919,Rosa Arctica Lightweight Cream
920,Powerful Wrinkle Reducing Cream
921,Ultra Facial Oil-Free Toner
922,Youth Dose Eye Treatment
923,Ultra Facial Oil-Free Cleanser
924,Pure Vitality Skin Renewing Cream
925,Breakout Control Targeted Acne Spot Treatment
926,Blue Herbal Spot Treatment
927,Facial Fuel Energizing Tonic For Men
928,Glow Formula Skin Hydrator
929,Dermatologist Solutions Centella Sensitive Cica-Cream
930,Blue Astringent Herbal Lotion
931,Iris Extract Activating Treatment Essence
932,Age Defender Eye Repair
933,Precision Lifting & Pore-Tightening Concentrate
934,Breakout Control Acne Treatment Facial Lotion
935,Super Multi-Corrective Eye-Opening Serum
936,Age Defender Power Serum
937,Herbal-Infused Micellar Cleansing Water
938,Oil Eliminator 24-Hour Anti-Shine Moisturizer For Men
939,Super Fluid UV Mineral Defense Titanium Dioxide Sunscreen Broad Spectrum SPF 50+
940,"Cactus Flower & ""Tibetan Ginseng"" Hydrating Mist"
941,Rare Earth Pore Refining Tonic
942,Clearly Corrective Brightening & Soothing Treatment Water
943,Micro-Blur Skin Perfector
944,Oil Eliminator Refreshing Shine Control Toner For Men
945,Rosa Artica Youth Regenerating Cream
946,Ultra Facial Deep Moisture Balm
947,Blue Herbal Moisturizer
948,Coconut Rose Toner
949,Coconut Face Cream
950,Starry Eye Balm
951,Coconut Cleansing Oil
952,Save Face Oil
953,Coconut Sheer Oil
954,Sundaze Mineral Face Sunscreen SPF 30
955,Noni Glow Face Oil
956,Noni Bright Vitamin C Serum
957,Noni Radiant Eye Oil
958,Noni Night AHA Resurfacing Serum
959,Hydrating Moisturizer for Dry Skin
960,Gentle Cleanser for Sensitive Skin
961,Balancing Rose Mist
962,Cream Cleanser for Dry Skin
963,Noni Glow Face Balm
964,Greek Yoghurt Foaming Cream Cleanser
965,MenoReverse Volumizing Serum-in-Moisturizer
966,Greek Yoghurt Nourishing Probiotic Gel-Cream
967,Wild Rose Spotless Serum with 15% Vitamin Super C
968,"White Pine Meno-Reverse Deep Wrinkle, Plumping + Age Spot Concentrate"
969,Black Pine 3D Eye-Lift Super Serum
970,Black Pine Plump-Up Sleeping Facial
971,Black Pine Sculpt + Lift Serum
972,Greek Yoghurt Calming + Cooling Gel
973,Wild Rose Night-Brightening Sleeping Facial
974,Wild Rose Brightening Absolute Oil
975,Pomegranate Pore Blurring Gel Moisturizer
976,Ultra Rich Face Cream
977,Immortelle Divine Cream
978,Shea Light Comforting Cream
979,Divine Eyes
980,Aqua Reotier Ultra Thirst-Quenching Gel Moisturizer
981,Immortelle Overnight Reset Eye Serum
982,Aqua Reotier Ultra Thirst-Quenching Cream Moisturizer
983,Immortelle Reset Overnight Reset Oil-In Serum
984,Immortelle Precious Essential Face Mist
985,Immortelle Precious Eye Balm
986,Immortelle Precious Cream
987,Crème de la Mer Moisturizer
988,The Moisturizing Soft Cream
989,The Eye Concentrate
990,The Treatment Lotion
991,The Concentrate
992,The Cleansing Foam
993,The Moisturizing Cool Gel Cream
994,The Regenerating Serum
995,The Moisturizing Soft Lotion
996,The Eye Balm Intense
997,The Renewal Oil
998,The Revitalizing Hydrating Serum
999,The Lifting Eye Serum
1000,The Broad Spectrum SPF 50 UV Protecting Fluid
1001,The Tonic
1002,The Cleansing Gel
1003,The Cleansing Foam Mini
1004,The Cleansing Micellar Water
1005,The Moisturizing Matte Lotion
1006,The Cleansing Oil
1007,Age Rescue Eye Therapy
1008,Day Rescue Defense Lotion SPF 35
1009,All-In-One Face Treatment
1010,Age Rescue Water-Charged Gel Cream
1011,Future Rescue Repair Serum
1012,The Method: Nourish Normal-Combination Skin
1013,Advanced Retinol Treatment
1014,Eye Contour Lifting Cream with Diamond Powder
1015,The Method: Cleanse
1016,Omega Hydrating Oil
1017,Retexturizing Treatment Cream with Glycolic Acid 10x
1018,The Method: Nourish Oily-Congested Skin
1019,The Method: Cleanse Blemish Control
1020,Intensive Night Treatment with Hylaplex® and Marula Oil
1021,Younger® Pure Youth Serum with MIMIXYL
1022,Advanced C Radiance Cream with Vitamin C Collagen Cofactor 10x
1023,Soothe & Hydrate Serum with Hyaluronic Acid
1024,Dani Glowing Skin Perfector
1025,Sheer Fluid Sun Shield Broad Spectrum SPF 30 Sunscreen
1026,Advanced Génifique Youth Activating Serum
1027,Tonique Confort Re-Hydrating Comforting Toner with Acacia Honey
1028,UV Expert Aquagel Defense Primer & Moisturizer SPF 50
1029,Rénergie Lift Multi-Action Night Cream
1030,Bienfait Multi-Vital SPF 30 Day Cream Moisturizer
1031,Advanced Génifique Yeux Light-Pearl Eye Illuminator Youth Activating Concentrate
1032,Rénergie Lift Multi-Action Ultra Dark Spot Correcting Cream SPF 30
1033,"Bienfait Multi-Vital Night Cream, Highly Potent Overnight Face Moisturizer"
1034,Advanced Génifique Eye Cream
1035,Rénergie Lift Multi-Action Eye
1036,Hydra Zen Anti-Stress Gel Moisturizer
1037,Rénergie Lift Multi-Action Day Cream with SPF 15 - All Skin Types
1038,Crème Radiance Gentle Cleansing Creamy-Foam Cleanser
1039,Bienfait Multi-Vital Sunscreen Lotion Broad Spectrum SPF 30
1040,Visionnaire Advanced Skin Corrector Serum
1041,Renergie Lift Multi-Action Ultra Firming and Dark Spot Correcting Moisturizer SPF 30
1042,MOUSSE RADIANCE Clarifying Self-Foaming Cleanser
1043,Hydra Zen Anti-Stress Moisturizing Face Cream
1044,Visionnaire Advanced Multi-Correcting Cream
1045,Rénergie Lift Multi-Action Lifting and Firming Moisturizer Light Cream
1046,Tonique Douceur Softening Hydrating Toner with Rose Water
1047,Hydra Zen Anti-Stress Glow Liquid Moisturizer
1048,Visionnaire Nuit Beauty Sleep Perfector
1049,Rose Sugar Scrub
1050,Tonique Radiance Clarifying Refining Toner
1051,Advanced Génifique Sensitive Antioxidant Serum
1052,Rose Milk Re-Hydrating Mist
1053,Hydra Zen Anti-Stress Moisturizing Beauty Facial Essence
1054,"EAU FRACHE DOUCEUR Micellar Cleansing Water Face, Eyes, Lips"
1055,Visionnaire Skin Solutions 15% Pure Vitamin C Correcting Concentrate
1056,Visionnaire Skin Solutions Pure 0.2% Retinol Correcting Night Concentrate
1057,Bi-Facil Face Bi-Phased Micellar Water Face Makeup Remover & Cleanser
1058,Visionnaire Eye Cream Advanced Multi-Correcting Eye Balm
1059,Rènergie Lift Multi-Action Rich Cream with SPF 15 For Dry Skin
1060,La Vie Est Belle Body Lotion
1061,nergie de Vie The Illuminating & Anti-Fatigue Cooling Eye Gel
1062,Water Bank Moisture Cream
1063,Cream Skin Toner & Moisturizer
1064,Water Bank Hydro Gel
1065,Water Bank Hydro Essence
1066,Water Bank Eye Gel
1067,Essential Power Skin Toner for Normal to Dry Skin
1068,Multi Deep-Clean Cleanser
1069,Essential Power Skin Toner for Combination to Oily Skin
1070,Moisturizing Cream Cleanser
1071,Fresh Calming Toner
1072,Vitamin Brightening Cleansing Water
1073,Mini Pore Blur Perfector
1074,Fresh Calming Mousse Moisturizer
1075,Water Bank Dual Layer Face Oil
1076,Fresh Fig Soufflé Body Crème 
1077,Aglow Cleansing Butter
1078,Royal Oil 1000mg Pure CBD Oil
1079,Acid Mantle Repair Moisturizer With 250mg CBD and Ceramides
1080,sweat reset face moisturizer
1081,Crème du Nil Pore-Refining Moisture Veil
1082,Pure Nilotica Melt Nourishing Balm-to-Oil
1083,No.04 Bois de Balincourt Perfume Oil
1084,No.04 Bois de Balincourt Body Lotion
1085,No.09 Vallée de Farney Perfume Oil
1086,No.02 Le Long Fond Perfume Oil
1087,No.03 L'Etang Noir Perfume Oil
1088,No.10 Aboukir Perfume Oil
1089,No.05 Kandilli Perfume Oil
1090,No.04 Bois de Balincourt Body Oil
1091,Youthquake Hydra-full Retexturizing Gel Crème Moisturizer
1092,Youthquake Hydra-full Retexturizing Gel Crème Moisturizer Jumbo
1093,Mini Youthquake Hydra-full Retexturizing Gel Crème Moisturizer
1094,Drying Lotion
1095,"Facial Spray with Aloe, Herbs and Rosewater"
1096,"Facial Spray with Aloe, Cucumber and Green Tea"
1097,Glycolic Acid Toner
1098,Vitamin C Serum
1099,"Facial Spray with Aloe, Chamomile and Lavender"
1100,Acne Facial Cleanser
1101,Seaweed Night Cream
1102,Enzyme Cleansing Gel
1103,Hyaluronic Eye Cream
1104,Glycolic Foaming Cleanser
1105,Oil Free Moisturizer Broad Spectrum SPF 30
1106,Facial Spray with Aloe Sage & Orange Blossom
1107,Buffering Lotion
1108,Silver Powder
1109,Cucumber Cleansing Lotion
1110,Special Cucumber Lotion
1111,Herbal Hydrating Serum
1112,Cellufirm Drops
1113,Mineral Crème Broad Spectrum SPF 50 UVA-UVB Sunscreen
1114,Michael Kors Body Crème
1115,Vegan Milk Moisturizer
1116,Cooling Water
1117,Melatonin Overnight Serum
1118,Vegan Milk Cleanser
1119,Vegan Milk Moisturizer Mini
1120,Cooling Water Mini
1121,Watermelon Brightening Serum
1122,Matcha Toner
1123,Hydrating Oil Stick
1124,Matcha Cleanser
1125,Sunshine Oil
1126,MIU MIU Body Lotion
1127,Plump Jelly Hyaluronic Serum
1128,Cosmic Cream Collagen Protecting Moisturizer
1129,Milk Cleanse Gentle Foaming Cleanser
1130,Holy Yoni Adaptogenic Oil
1131,Essential-C Day Moisture Broad Spectrum SPF 30 PA+++
1132,Rapid Age Spot and Pigment Lightening Serum 
1133,Vitamin C Dark Circle Correcting Eye Serum
1134,Clarifying Cleanser
1135,AHA/BHA Exfoliating Cleanser
1136,Retinol Youth Renewal Serum
1137,Retinol Youth Renewal Night Cream
1138,Rapid Relief Acne Spot Treatment
1139,Advanced Active Radiance® Serum
1140,Time Release Acne Cleanser
1141,InvisiScar Resurfacing Treatment
1142,Nutrient-Charged Water Gel
1143,Essential-C Cleanser
1144,Oil and Pore Control Mattifier Broad Spectrum SPF 45 PA++++
1145,Hydro-Dynamic® Ultimate Moisture
1146,Vitamin C Glycolic Brightening Serum
1147,Post-Acne Spot Lightening Gel
1148,Skin Perfecting Lotion - Blemish Prone/Oily Skin
1149,Anti-Aging Moisturizer SPF 30 PA+++
1150,Renewing Eye Cream
1151,Clarifying Body Spray
1152,Outsmart Acne Clarifying Treatment
1153,Essential-C Toner
1154,Clarifying Toner
1155,Resurgence® Age??Balancing Moisture Broad Spectrum SPF 30
1156,Renewing Cleansing Cream
1157,Rapid Collagen Infusion
1158,Advanced Acne & Wrinkle Reducer
1159,Revitalixir Recovery Serum
1160,Night Fix Enzyme Treatment
1161,Multi-Vitamin Infusion Oil
1162,Essential-C Eye Cream SPF 15 PA++
1163,City Skin Overnight Detox Moisturizer
1164,Prebiotic 4-in-1 MultiCleanser
1165,Resurgence Age-Balancing Night Cream
1166,Hydrating Toner
1167,Refreshing Cleanser
1168,Hydro-Dynamic® Ultimate Moisture For Eyes
1169,Hydro-Dynamic® Quenching Essence
1170,Prebiotic 3-in-1 MultiMist
1171,MattEffect Blotting Perfector
1172,Retinol Youth Renewal Eye Serum
1173,City Skin Age Defense Broad Spectrum SPF 50 PA++++
1174,After-Dark Natural Peptide Sleeping Cream
1175,Major Moisture Gentle Cream Cleanser
1176,Skin Warrior Anti-Pollution Repair Cream
1177,Supercharge Anti-Oxidant Moisture Serum
1178,Illumi-Nation Anti-Fatigue Power Serum
1179,Zero Baggage Anti-Dark Circle Eye Cream
1180,Mineral Sun Defense Moisturizer Broad Spectrum Sunscreen SPF 30
1181,Citrine Body Cream
1182,Gel Primer 24K Gold Complex - Firm
1183,Vitamin C+ Arbutin Brightening Serum
1184,Retinol 0.5 Retexturizing Cream
1185,Vitamin C Eye Brightener
1186,Kinetin+ Hydrating Cream
1187,Kinetin+ Hydrating Eye Cream
1188,Kinetin+ Rejuvenating Serum
1189,Vitamin C Suncare Broad Spectrum SPF 30 Sunscreen
1190,Banana Bright Eye Crème
1191,Truth Serum®
1192,Banana Bright Vitamin C Serum
1193,C-Rush Vitamin C Gel Moisturizer
1194,Glow2OH Dark Spot Toner
1195,Balancing Force Oil Control Toner
1196,Sheer Transformation® Perfecting Moisturizer
1197,The Clean Truth Foaming Cleanser
1198,Goodnight Glow Retin-ALT Sleeping Crème
1199,Truth Juice Daily Cleanser
1200,Find Your Balance Oil Control Cleanser
1201,Counter Balance Oil Control Hydrator
1202,Glow Cycle Retin-ALT Power Serum
1203,Invigorating Night Transformation Gel
1204,C-Rush Brightening Double Crème
1205,Nurture Me Moisturizing Crème
1206,Acid Fix AHA BHA Treatment
1207,Queen of Hungary Mist
1208,Cleansing Foam
1209,Illuminating Moisturiser
1210,Balancing Moisturiser
1211,Thermal Cleansing Balm
1212,Rejuvenating Night Cream
1213,Moor Cream Cleanser
1214,Reviving Eye Cream
1215,Daily Vitamin C
1216,Miracle Facial Oil
1217,Niacinamide 10% + Zinc 1%
1218,Hyaluronic Acid 2% + B5
1219,Glycolic Acid 7% Toning Solution
1220,"""Buffet"""
1221,The No-Brainer Set
1222,100% Organic Cold-Pressed Rose Hip Seed Oil
1223,Caffeine Solution 5% + EGCG
1224,Natural Moisturizing Factors + HA
1225,Lactic Acid 10% + HA
1226,Alpha Arbutin 2% + HA
1227,"""Buffet"" + Copper Peptides 1%"
1228,Azelaic Acid Suspension 10%
1229,Retinol 0.5% in Squalane
1230,100% Plant-Derived Squalane
1231,Ascorbic Acid 8% + Alpha Arbutin 2%
1232,Vitamin C Suspension 23% + HA Spheres 2%
1233,Lactic Acid 5% + HA
1234,Ascorbyl Glucoside Solution 12%
1235,Vitamin C Suspension 30% in Silicone
1236,100% Plant-Derived Hemi-Squalane
1237,100% Organic Cold-Pressed Moroccan Argan Oil
1238,Matrixyl* 10% + HA
1239,Ascorbyl Tetraisopalmitate Solution 20% in Vitamin F
1240,Amino Acids + B5
1241,Marine Hyaluronics
1242,"""B"" Oil"
1243,Pycnogenol 5%
1244,Ethylated Ascorbic Acid 15% Solution
1245,Argireline Solution 10%
1246,EUK 134 0.1%
1247,Retinol 0.2% in Squalane
1248,Mandelic Acid 10% + HA
1249,100% Organic Virgin Chia Seed Oil
1250,100% L-Ascorbic Acid Powder
1251,Magnesium Ascorbyl Phosphate 10%
1252,Granactive Retinoid* 2% Emulsion
1253,Resveratrol 3% + Ferulic Acid 3%
1254,GinZing Refreshing Eye Cream to Brighten and Depuff
1255,Checks and Balances Frothy Face Wash
1256,GinZing Oil- Free Energy Boosting Gel Moisturizer
1257,A Perfect World SPF 40 Age-Defense Moisturizer with White Tea
1258,High-Potency Night-a-Mins Resurfacing Cream with Fruit-Derived AHAs
1259,Dr. Andrew Weil For Origins Mega-Mushroom Relief & Resilience Soothing Treatment Lotion
1260,Original Skin Matte Moisturizer with Willowherb
1261,Plantscription SPF 25 Power Anti-Aging Cream
1262,Super Spot Remover Acne Treatment Gel
1263,GinZing SPF 40 Energy-Boosting Tinted Moisturizer
1264,High-Potency Night-a-Mins Oil-Free Resurfacing Cream with Fruit-Derived AHAs
1265,Plantscription Anti-Aging Power Serum
1266,Eye Doctor Moisture Care For Skin Around Eyes
1267,Clear Improvement Pore Clearing Moisturizer with Salicylic Acid
1268,Dr. Andrew Weil For Origins Mega-Mushroom Relief & Resilience Soothing Treatment Lotion Limited Edition
1269,Plantscription Anti-Aging Cleanser
1270,Dr. Andrew Weil For Origins Mega-Mushroom Relief & Resilience Advanced Face Serum
1271,Zero Oil Pore Purifying Toner
1272,GinZing Ultra-Hydrating Energy-Boosting Cream
1273,Plantscription SPF 25 Power Anti-Aging Oil-Free Cream
1274,Peace Of Mind On-the-Spot Relief
1275,Plantscription Anti-Aging Power Eye Cream
1276,United State Balancing Tonic
1277,Plantscription Powerful Lifting Cream
1278,A Perfect World Age-Defense Treatment Lotion with White Tea
1279,Plantscription Retinol Night Moisturizer
1280,A Perfect World Antioxidant Moisturizer with White Tea
1281,Dr. Andrew Weil for Origins Mega-Mushroom Relief & Resilience Soothing Cream
1282,Dr. Andrew Weil For Origins Mega-Bright SPF 30 Skin Tone Correcting Oil-Free Moisturizer
1283,Original Skin Renewal Serum with Willowherb
1284,Plantscription Youth-Renewing Power Night Cream
1285,Mega-Mushroom Skin Relief Micellar Cleanser
1286,Dr. Andrew Weil For Origins Mega-Bright Dark Spot Correcting Serum
1287,A Perfect World Age-Defense Skin Guardian with White Tea
1288,Plantscription Anti-Aging Eye Treatment
1289,Dr. Andrew Weil for Origins Mega-Mushroom Relief & Resilience Hydra Burst Gel Lotion
1290,Dr. Andrew Weil For Origins Mega-Mushroom Relief & Resilience Soothing Treatment Lotion
1291,No Puffery Cooling Roll-On For Puffy Eyes
1292,A Perfect World SPF 20 Age-Defense Eye Cream with White Tea
1293,Modern Friction Cleansing Oil with Radiance-Boosting White & Purple Rice
1294,Dr. Andrew Weil For Origins Mega Defense Barrier-Boosting Essence Oil
1295,Plantscription Powerful Lifting Concentrate
1296,Original Skin Essence Lotion with Dual Ferment Complex
1297,Maskimizer Skin-Optimizing Mask Primer
1298,GinZing Ultra-Hydrating Energy-Boosting Cream Limited Edition
1299,Acne Healing Dots
1300,Microneedling Anti-Wrinkle Retinol Patches
1301,Microneedling Dark Spot Brightening Dots
1302,Pore Treatment Strips
1303,High Potency Classics: Face Finishing & Firming Moisturizer
1304,Vitamin C Ester Photo-Brightening Moisturizer SPF 30
1305,High Potency Classics: Hyaluronic Intensive Moisturizer
1306,Vitamin C Ester Brightening Serum
1307,Hypoallergenic Firming Eye Cream
1308,High Potency Growth Factor Firming & Lifting Serum
1309,Cold Plasma+ Advanced Serum Concentrate
1310,Essential Fx Acyl-Glutathione Eyelid Lift Serum
1311,No:Rinse Intensive Pore Minimizing Toner
1312,High Potency Classics: Face Firming Serum
1313,Essential Fx Acyl-Glutathione Smoothing & Brightening Under-Eye Cream
1314,Vitamin C Ester Brightening Overnight Treatment
1315,Vitamin C Ester Brightening Amine Face Lift
1316,Cold Plasma+ Eye
1317,High Potency Classics: Firming Eye Lift
1318,Essential Fx Acyl-Glutathione Deep Crease Serum
1319,Essential Fx Acyl-Glutathione Rejuvenating Moisturizer
1320,Multi-Action Overnight Intensive Firming Mask
1321,Neuropeptide Smoothing Facial Conformer
1322,Vitamin C Ester Brightening Eye Serum
1323,Essential Fx Acyl-Glutathione Intensive Overnight Moisturizer
1324,No:Rinse Micellar Cleansing Treatment
1325,H2 Elemental Energy Hydrating Cloud Cream
1326,High Potency Classics: Firming Evening Repair
1327,PRE:EMPT SERIES Brightening Eye Cream
1328,Neuropeptide Firming Moisturizer
1329,Neuropeptide Night Cream
1330,No Makeup Easy Rinse Makeup-Removing Cleanser
1331,PRE:EMPT SERIES The Fixer Solid Oil Balm
1332,No:Rinse DMAE Firming Pads
1333,Neuropeptide Firming & Illuminating Under-Eye Cream
1334,High Potency Classics: Face Finishing & Firming Moisturizer Tint SPF 30
1335,Vitamin C Ester Citrus Brightening Cleanser
1336,High Potency Classics: Nutritive Cleanser
1337,PRO Strength Niacinamide Discoloration Treatment
1338,Water Drench Hyaluronic Acid Moisturizer
1339,Vital-E Microbiome Age Defense Eye Cream
1340,24K Gold Pure Luxury Lift & Firm Hydra-Gel Eye Patches
1341,Anti-Aging Cleansing Gel
1342,Max Complexion Correction Pads
1343,Potent-C Vitamin C Power Serum
1344,Water Drench Hyaluronic Cloud Serum
1345,Retinol Fusion PM
1346,Instant FIRMx Eye
1347,Instant Firmx
1348,PRO Strength Retinoid Peptide Serum
1349,Peptide 21 Wrinkle Resist Serum
1350,Peptide 21 Lift & Firm Moisturizer
1351,AHA/BHA Acne Clearing Gel
1352,Acne Clearing Wash
1353,Acne-Clear Invisible Dots
1354,Potent-C Vitamin C Bright & Plump Moisturizer
1355,Max Mineral Naked Broad Spectrum SPF 45
1356,Potent-C Vitamin C Power Eye Cream
1357,PRO Strength Lactic Pore Treatment
1358,3% Glycolic Solutions Cleanser
1359,Vital-E Microbiome Age Defense Cream
1360,Max Sheer All Day Moisture Defense Lotion SPF 30 Sunscreen Lotion
1361,Water Drench Cleanser
1362,Acne-Clear Oil-Free Matte Moisturizer
1363,Retinol Fusion PM Eye Cream
1364,8% Glycolic Solutions Toner
1365,Instant Mineral SPF 45  
1366,10% Glycolic Solutions Moisturizer
1367,Water Drench® Hyaluronic Cloud Hydrating Toner Mist
1368,Green Releaf Therapeutic Sleep Cream
1369,Potent-C Vitamin C Targeted Spot Brightener
1370,Green Releaf Calming Face Oil
1371,Hungarian Thermal Water Mineral-Rich Moisturizer
1372,FIRMx® Collagen Moisturizer
1373,Water Drench® Hyaluronic Cloud Hydrating Eye Gel
1374,Purity Made Simple Cleanser
1375,Renewed Hope in A Jar Facial Moisturizer
1376,The Microdelivery Exfoliating Facial Wash
1377,Renewed Hope in A Jar SPF 30 Moisturizer
1378,Purity Made Simple Ultra-Light Moisturizer
1379,anti-wrinkle miracle worker+ line-correcting moisturizer
1380,Renewed Hope in A Jar Night Moisturizer
1381,Ultimate Miracle Worker Night
1382,Ultimate Miracle Worker Multi-Rejuvenating Cream SPF 30
1383,Hope In A Jar
1384,Help Me
1385,Renewed Hope in A Jar Water Cream
1386,Turbo Booster C Powder
1387,Purity Made Simple Hydra-Bounce Eye Gel
1388,anti-wrinkle miracle worker eye+ line-correcting eye cream
1389,Fresh Cream Body Lotion
1390,anti-wrinkle miracle worker night+ line-correcting overnight cream
1391,Renewed Hope in a Jar Skin Tint
1392,Renewed Hope in A Jar Dew Facial Serum
1393,Pure Grace Nude Rose Body Lotion
1394,Amazing Grace Ballet Rose Firming Body Emulsion
1395,Time In A Bottle 100% In-Control
1396,Purity Made Simple Micellar Cleansing Water
1397,Renewed Hope in A Jar Eye Cream
1398,Ultimate Miracle Worker Eye Cream
1399,Ultimate Miracle Worker Fix Eye Power-Treatment
1400,Amazing Grace Satin-Finish Body Oil Mist
1401,Purity Made Simple Hydra-Essence with Coconut Water
1402,Purity Made Simple Micellar Cleansing Water Mini
1403,Ultimate Miracle Worker Fix Facial Serum Roller
1404,Take a Deep Breath Oil-Free Oxygenating Gel Cream
1405,Living Grace Firming Body Emulsion
1406,Pink Sugar Creamy Body Lotion
1407,Night Magic Intensive CBD Face Oil for Moisture & Radiance
1408,The Afterglow Deeply Restorative CBD Face Cream for Youthful Radiance
1409,Enlightenment Serum Concentrated CBD Serum Booster for Vital Hydration & Even Skin Toner
1410,Miracle Seed Essence
1411,Alpine Berry Water Cream
1412,Wild Seed Firming Serum
1413,Chamomile Micellar Cleansing Water
1414,Pure Brightening Serum
1415,Alpine Berry Water Oil-Free Gel Moisturizer
1416,7-Seed Nourishing Cleansing Oil
1417,Love the Earth Alpine Berry Water Cream
1418,Love the Earth Alpine Berry Water Toner
1419,Wild Seed Firming Eye Cream
1420,Gentle Comfort Hydrating Cream for Sensitive Skin
1421,Gentle Comfort Gel Cleanser for Sensitive Skin
1422,Rich Foaming Clarifying Cleanser
1423,Love the Earth Alpine Berry Water Oil-Free Gel
1424,Alpine Berry Water Toner
1425,Gentle Comfort Concentrate for Sensitive Skin
1426,Emergency Blemish Relief
1427,Advanced Dark Spot Correcting Serum
1428,Deep Cleansing Face Wash
1429,Blackhead Dissolving Gel
1430,Renewing Cleanser
1431,Pore Targeting Treatment
1432,Adapalene Gel 0.1% Acne Treatment
1433,Deep Cleansing Wash
1434,Green Tea Moisturizer
1435,Revitalizing Toner
1436,Complexion Perfecting Hydrator
1437,Repairing Treatment
1438,Daily Oil Control Moisturizer SPF 30
1439,Ready Steady Glow Daily AHA Toner
1440,Overnight Glow Dark Spot Sleeping Cream
1441,Evercalm Global Protection Day Cream
1442,Evercalm Overnight Recovery Balm
1443,Evercalm Gentle Cleansing Milk 
1444,ClearCalm Non-Drying Acne Treatment Gel
1445,ClearCalm 3 Clarifying Clay Cleanser
1446,Clean Screen Mattifying Face Sunscreen SPF 30
1447,Evercalm Anti-Redness Serum
1448,Bio Retinoid Anti-Wrinkle Concentrate Oil
1449,Glow Daily Vitamin C Gel Cream
1450,Keep Young and Beautiful Anti-Aging Eye Cream
1451,Keep Young And Beautiful Instant Firming Beauty Shot
1452,Flash Hydro-Boost Instant Plumping Emulsion
1453,V-Cense Revitalising Night Cream
1454,Rosa Centifolia No.1 Purity Cleansing Balm
1455,Bio Retinoid Anti-Ageing Cream
1456,Perfect Canvas Clean Jelly Oil Cleanser
1457,Keep Young And Beautiful Instant Brightening Beauty Shot Eye Lift
1458,Clarimatte T-Zone Control Cleansing Gel
1459,Rose O12 Moisture Defence Oil
1460,Flash Rinse 1 Minute Facial
1461,Vita-Mineral Daily Supplement Moisturising Cream
1462,Vita Mineral Active 7 Eye Gel 
1463,V-Cense Youth Vitality Day Cream
1464,Beauty Oil
1465,Luxury Face Oil- Jasmine & Neroli
1466,Luxury Face Cream
1467,Luxury Face Oil- Lavender Absolute
1468,Luxury Face Oil- Geranium & Orange Blossom
1469,Luxury CBD Beauty Serum
1470,Pore Clarifying Toner 10% Glycolic Acid + Pore Control Complex
1471,Freeze Frame Beauty Essence
1472,Wide Awake Brightening Eye Cream with Avocado
1473,Waterfall Glacier Water Cream
1474,Rise + Shine Gentle Cleanser
1475,Featherweight Daily Moisturizing Cream
1476,Bright Potion Probiotic Power Serum
1477,Daily Dew Hydrating Essence Mist
1478,Pretty Pop Probiotic Power Whipped Cream
1479,Multi-Purpose Oil
1480,Ultra Glow Serum: Glow + Strengthen Vitamin C Serum
1481,Brightening Eye Cream ?? Hydrate & Depuff
1482,Nourishing Moisturizer - Hydrate & Repair
1483,All Day Hydrator - Hydrate & Glow
1484,Super Matte Moisturizer
1485,Clean Skin Gel - Cleanse + Tone
1486,Firming Sleeping Cream
1487,Triple Action Cleansing Water
1488,Face Serum
1489,All-Over Solid Cleanser
1490,Firming Day Cream - Firm + Illuminate
1491,Oil-in-Foam Cleanser
1492,Clear Skin Days by Sephora Collection Clarifying Serum
1493,Moisturizing Body Milk - Surprise Flowers
1494,Clarifying Serum
1495,Gradual Self-Tanning Face Gel
1496,Clear Skin Days by Sephora Collection Clarifying Toner
1497,Triple Action Cleansing Water
1498,Retinol Reform®
1499,Weightless Oil-Free Moisturizer
1500,Texture Reform
1501,Sake Toning Essence
1502,Cleansing Serum
1503,Benefiance Wrinkle Smoothing Eye Cream
1504,Ultimate Sun Protector Lotion SPF 50+ Sunscreen
1505,Urban Environment Oil-Free UV Protector Broad Spectrum Face Sunscreen SPF 42
1506,Benefiance Wrinkle Smoothing Day Cream SPF 23
1507,Ultimune Power Infusing Serum Concentrate
1508,Bio-Performance Advanced Super Revitalizing Cream
1509,Benefiance Wrinkle Smoothing Cream Enriched
1510,White Lucent Brightening Cleansing Foam
1511,Benefiance NutriPerfect Night Cream
1512,Essential Energy Moisturizing Cream
1513,Essential Energy Moisturizing Gel Cream
1514,Bio-Performance Glow Revival Cream
1515,Clarifying Cleansing Foam
1516,Eudermine Revitalizing Essence 
1517,WASO: Color-Smart Day Moisturizer Oil-Free SPF 30 Sunscreen
1518,WASO: Clear Mega-Hydrating Moisturizer
1519,Benefiance Wrinkle Smoothing Cream
1520,WASO: Giga-Hydrating Rich Cream
1521,Deep Cleansing Foam
1522,White Lucent Anti-Dark Circles Eye Cream
1523,White Lucent Brightening Gel Cream
1524,Treatment Softener Enriched
1525,Future Solution LX Eye and Lip Contour Regenerating Cream
1526,Ultimate Sun Protector Cream SPF 50+ Face Sunscreen
1527,Future Solution LX Total Regenerating Cream
1528,Bio-Performance LiftDynamic Eye Treatment
1529,WASO: Eye Opening Essence
1530,Bio-Performance LiftDynamic Cream
1531,Future Solution LX Extra Rich Cleansing Foam
1532,White Lucent Overnight Cream & Mask
1533,Future Solution LX Total Protective Cream Broad Spectrum SPF 20 Sunscreen
1534,Complete Cleansing Microfoam
1535,Clear Stick UV Protector WetForce Broad Spectrum Sunscreen SPF 50+
1536,Perfect Cleansing Oil
1537,Future Solution LX Concentrated Balancing Softener
1538,Ultimune Eye Power Infusing Eye Concentrate
1539,WASO: Color-Smart Day Moisturizer SPF 30 Sunscreen
1540,Urban Environment UV Protection Cream Broad Spectrum SPF 40 For Face/Body
1541,Essential Energy Day Cream SPF 20
1542,White Lucent Day Emulsion Broad Spectrum SPF 23
1543,Future Solution LX Intensive Firming Contour Serum
1544,Bio-Performance Glow Revival Serum
1545,Extra Rich Cleansing Milk
1546,Ultimate Sun Protection Lotion Broad Spectrum SPF 50+ WetForce for Sensitive Skin & Children
1547,Treatment Softener
1548,WASO: Gentle Cleanser
1549,Future Solution LX Replenishing Treatment Oil
1550,WASO: Fresh Jelly Essence
1551,Future Solution LX Total Protective Emulsion Broad Spectrum SPF 20 Sunscreen
1552,Bio-Performance LiftDynamic Serum
1553,Bio Performance Glow Revival Eye Treatment
1554,Future Solution LX Universal Defense Broad Spectrum SPF 50+
1555,Essential Energy Eye Definer
1556,Future Solution LX Superior Radiance Serum
1557,White Lucent Illuminating Micro-Spot Serum
1558,Facial Treatment Essence (Pitera Essence)
1559,Facial Treatment Essence Mini (Pitera Essence)
1560,Facial Treatment Clear Lotion Toner
1561,R.N.A. POWER Anti-Aging Face Cream
1562,GenOptics Aura Essence Serum
1563,R.N.A. POWER Anti-Aging Eye Cream
1564,Facial Treatment Cleanser
1565,R.N.A. POWER Anti-Aging Essence Serum
1566,Ultimate Revival Cream
1567,GenOptics Spot Essence Serum
1568,Ultimate Revival Eye Cream
1569,Facial Treatment Cleansing Oil
1570,Ultimate Revival Essence
1571,Ultimate Revival Serum
1572,Licorice Serum CALM IRRITATED SKIN
1573,Essential Daily Moisturizer
1574,Gentle Foaming Face Wash
1575,Barrier+ Triple Lipid-Peptide Cream
1576,Barrier+ Triple Lipid-Boost 360° Eye Cream
1577,Barrier+ Foaming Oil Cleanser
1578,Eczema+ Dermatitis Face Balm
1579,Barrier+ Triple Lipid-Hyaluronate Serum
1580,Barrier+ Foaming Clay Cleanser
1581,Barrier+ Triple Lipid-Peptide Lotion
1582,Correct+ Dark Spot Corrector
1583,Redness Recovery+ Antioxidant Eye Treatment
1584,Barrier+ Nutrient Water Misting Tonic
1585,Bio Hyaluronic Moisturizing Cream
1586,4.5% Retinol Night Treatment
1587,Oligo Peptide Eye Cream
1588,35% Vitamin C Face Serum
1589,Plant Stem Cell Day Cream SPF 30
1590,15% Niacinamide Gel Serum
1591,27% Glycolic Acid Facial Cleanser
1592,My Sol Stick SPF 50
1593,EGF Activating Serum
1594,PSC Peptide Serum
1595,Hyaluronic Acid Hydrating Serum with Champaca Essence
1596,First Care Activating Serum
1597,Essential Firming Cream
1598,Gentle Cleansing Foam Hydrating Makeup Remover
1599,Gentle Cleansing Oil Makeup Remover
1600,First Care Activating Serum Limited Edition
1601,Bloomstay Vitalizing Eye Cream
1602,Essential Balancing Emulsion
1603,Essential Balancing Water
1604,Concentrated Ginseng Renewing Eye Cream
1605,Bloomstay Vitalizing Cream
1606,Concentrated Ginseng Renewing Cream
1607,Concentrated Ginseng Renewing Serum
1608,Bloomstay Vitalizing Serum
1609,Essential Refining Eye Cream
1610,Bloomstay Vitalizing Water
1611,First Care Activating Serum Mist
1612,Hydrating Micellar Gentle Cleansing Water
1613,Concentrated Ginseng Renewing Cream Light
1614,CC Me Vitamin C Serum
1615,Super Amino Gel Cleanser
1616,Good Genes All-In-One Lactic Acid Treatment
1617,C.E.O. 15% Vitamin C Brightening Serum
1618,Luna Retinol Sleeping Night Oil
1619,A+ High-Dose Retinol Serum
1620,U.F.O. Ultra-Clarifying Face Oil
1621,Tidal Brightening Enzyme Water Cream
1622,C.E.O Vitamin C Rich Hydration Cream
1623,C.E.O Glow Vitamin C + Turmeric Face Oil
1624,Juno Antioxidant + Superfood Face Oil
1625,C.E.O. Vitamin C Rich Hydration Cream
1626,Auto Correct Brightening and Depuffing Eye Contour Cream
1627,Saturn Sulfur Acne Treatment Mask
1628,ICE Ceramide Moisturizing Cream
1629,Ceramic Slip Cleanser
1630,C.E.O. Vitamin C + E Cleansing Oil
1631,Blue Moon Tranquility Cleansing Balm
1632,Martian Mattifying Melting Water-Gel Toner
1633,Unseen Sunscreen SPF 40
1634,Glowscreen Sunscreen SPF 40
1635,PLAY Everyday Lotion SPF 50 with Sunflower Extract
1636,Superscreen Daily Moisturizer Broad Spectrum SPF 40 PA+++
1637,Mattescreen Sunscreen SPF 40
1638,Glow Stick SPF 50
1639,Defense Refresh (Re)setting Mist SPF 40
1640,Bright-Eyed 100% Mineral Eye Cream SPF 40
1641,Zincscreen 100% Mineral Lotion SPF 40 PA+++
1642,City Sunscreen Serum SPF 30
1643,PLAY Everyday Lotion SPF 30 with Sunflower Extract
1644,Poof 100% Mineral Part and Scalp Powder SPF 45
1645,PLAY 100% Mineral Broad Spectrum Lotion SPF 50
1646,SEA drink of H2O hydrating boost moisturizer
1647,Knockout Tingle Treatment Toner
1648,Tarteguard Mineral Powder Sunscreen Broad Spectrum SPF 30
1649,Maracuja Oil
1650,Maracuja C-Brighter Eye Treatment
1651,SEA Deep Sea Collagen Super Serum
1652,SEA Deep Dive Cleansing Gel
1653,SEA Mermaid Skin Hyaluronic H2O Serum
1654,Baba Bomb Moisturizer
1655,SEA 4-in-1 Setting Mist
1656,knockout daily exfoliating cleanser
1657,SEA Set & Protect Mineral Sunscreen Powder Broad Spectrum SPF 30
1658,SEA FRXXXTION Stick Exfoliating Cleanser
1659,Youth or Dare Multi-Acid & C-Serum
1660,Tarteguard 30 Vegan Sunscreen Lotion Broad Spectrum SPF 30
1661,Cosmic Maracuja Concentrated Face Balm
1662,Regenerating Exfoliating Cleanser
1663,Clarifying Blemish & Oil Control Cleanser
1664,Restorative Anti-Aging Eye Cream
1665,Resurfacing AHA + BHA Serum
1666,Repairative Anti-Aging Moisturizer
1667,Hydrating Hyaluronic Acid Floral Essence
1668,Clarifying Moisturizer
1669,Retinoic Nutrient Face Oil With Vitamin A
1670,Rejuvenating Anti-Aging Serum
1671,Nourishing Makeup Removing Oil Cleanser
1672,Purifying Pore Detox Cleanser
1673,Crème Riche Anti-Aging Peptide Night Cream
1674,Boosted Contouring Retinol Eye Balm
1675,Concentrated Brightening Essence
1676,Hyaluronic Acid Gel Moisturizer
1677,Elixir Vitae Serum Wrinkle Solution
1678,Illuminating Anti-Aging Moisturizer
1679,Concentrated Brightening Serum
1680,Beautifying Brightening Face Oil with Vitamin C
1681,Elixir Vitae Eye Serum
1682,Illuminating Dark Circle Eye Cream
1683,Boosted Contouring Serum
1684,The Water Cream
1685,The Dewy Skin Cream
1686,The Water Cream: Limited Edition Value Size
1687,The Deep Cleanse Exfoliating Cleanser
1688,Violet-C Brightening Serum 20% Vitamin C + 10% AHA
1689,The Silk Peony Melting Eye Cream
1690,Pure One Step Camellia Oil Cleanser
1691,The Essence Plumping Skin Softener
1692,Silken Pore Perfecting Sunscreen Broad Spectrum SPF 35 PA+++
1693,Luminous Dewy Skin Mist
1694,Luminous Dewy Skin Night Concentrate
1695,The Silk Cream
1696,The Indigo Cream Soothing Skin Protectant
1697,The Pearl Tinted Eye Illuminating Treatment
1698,Luminous Deep Hydration Firming Serum
1699,The Serum Stick: Treatment & Touch Up Balm
1700,Luminous Deep Hydration Firming Eye Serum
1701,Gold Camellia Beauty Oil
1702,Soleil Blanc Mini Shimmering Body Oil
1703,Soleil Blanc Body Oil
1704,Oil-Free Daily Moisturizer
1705,Oud Wood Body Moisturizer
1706,Neroli Portofino Body Oil
1707,Skin Revitalizing Concentrate
1708,Intensive Purifying Mud Mask
1709,Neroli Portofino Body Moisturizer
1710,Hangover Good to Go Skin Protecting SPF 25 Moisturizer
1711,Hangover Good In Bed Ultra-Replenishing Hydrating Serum
1712,SOS Save.Our.Skin Daily Rescue Facial Spray
1713,SOS Save.Our.Skin Daily Rescue Facial Spray Mini
1714,Celery Green Cream with Hyaluronic Acid + Peptides
1715,Snow Mushroom Water Serum
1716,Hibiscus Unspottable?Correcting Oil
1717,Strawberry-C Brightening Serum
1718,Prismatic Luminizing Shield SPF 50
1719,Helix AM/PM Eye Gel
1720,Screen Time Hydrating Mist
1721,Oil-Control Mattifying Mist
1722,Eucalyptus Stretch Mark Minimizer
1723,Glow Getter Mist
1724,Hidden Glow Brightening Cream
1725,Superfood Antioxidant Cleanser
1726,Adaptogen Deep Moisture Cream with Ashwagandha + Reishi
1727,Superfood Air Whip Hyaluronic Acid Moisturizer
1728,Superberry Hydrate + Glow Oil
1729,Kombucha + 11% AHA Exfoliation Power Toner
1730,Superfood Firm and Brighten Vitamin C Serum
1731,Superfood Hydrate + Firm Peptide Eye Cream
1732,Adaptogen Soothe + Hydrate Activated Mist with Reishi + Ashwagandha
1733,Pure Shots Night Reboot Resurfacing Serum
1734,Pure Shots Perfect Plumper Face Cream
1735,Pure Shots Hydra Bounce Essence-In-Lotion
1736,Pure Shots Lines Away Anti-Aging Serum
1737,Pure Shots Light Up Brightening Serum
1738,Pure Shots Y Shape Firming Serum
1739,Pure Shots Night Reboot Resurfacing Serum Refill
1740,Pure Shots Perfect Plumper Face Cream Refill
1741,Pure Shots Lines Away Anti-Aging Serum Refill
1742,Pure Shots Light Up Brightening Serum Refill
1743,Pure Shots Y Shape Firming Serum Refill
1744,Clarifying Lotion
1745,Clear Skin Days by Sephora Collection Spot Eraser Stick
1746,Detoxifying Foam Cleanser Ghassoul Clay Extract
1747,Clear Skin Days by Sephora Collection Mattifying Booster Powder
1748,Illuminating Hydrator - Radiance + Smoothing
1749,Supreme Cleansing Oil
